[
  {
    "Car": "chevelle malibu",
    "Manufacturer": "chevrolet",
    "MPG": 18.0,
    "Cylinders": 8,
    "Displacement": 307.0,
    "Horsepower": 130.0,
    "Weight": 3504,
    "Acceleration": 12.0,
    "Model Year": 70,
    "Origin": "American"
  },
  {
    "Car": "skylark 320",
    "Manufacturer": "buick",
    "MPG": 15.0,
    "Cylinders": 8,
    "Displacement": 350.0,
    "Horsepower": 165.0,
    "Weight": 3693,
    "Acceleration": 11.5,
    "Model Year": 70,
    "Origin": "American"
  },
  {
    "Car": "satellite",
    "Manufacturer": "plymouth",
    "MPG": 18.0,
    "Cylinders": 8,
    "Displacement": 318.0,
    "Horsepower": 150.0,
    "Weight": 3436,
    "Acceleration": 11.0,
    "Model Year": 70,
    "Origin": "American"
  },
  {
    "Car": "rebel sst",
    "Manufacturer": "amc",
    "MPG": 16.0,
    "Cylinders": 8,
    "Displacement": 304.0,
    "Horsepower": 150.0,
    "Weight": 3433,
    "Acceleration": 12.0,
    "Model Year": 70,
    "Origin": "American"
  },
  {
    "Car": "torino",
    "Manufacturer": "ford",
    "MPG": 17.0,
    "Cylinders": 8,
    "Displacement": 302.0,
    "Horsepower": 140.0,
    "Weight": 3449,
    "Acceleration": 10.5,
    "Model Year": 70,
    "Origin": "American"
  },
  {
    "Car": "galaxie 500",
    "Manufacturer": "ford",
    "MPG": 15.0,
    "Cylinders": 8,
    "Displacement": 429.0,
    "Horsepower": 198.0,
    "Weight": 4341,
    "Acceleration": 10.0,
    "Model Year": 70,
    "Origin": "American"
  },
  {
    "Car": "impala",
    "Manufacturer": "chevrolet",
    "MPG": 14.0,
    "Cylinders": 8,
    "Displacement": 454.0,
    "Horsepower": 220.0,
    "Weight": 4354,
    "Acceleration": 9.0,
    "Model Year": 70,
    "Origin": "American"
  },
  {
    "Car": "fury iii",
    "Manufacturer": "plymouth",
    "MPG": 14.0,
    "Cylinders": 8,
    "Displacement": 440.0,
    "Horsepower": 215.0,
    "Weight": 4312,
    "Acceleration": 8.5,
    "Model Year": 70,
    "Origin": "American"
  },
  {
    "Car": "catalina",
    "Manufacturer": "pontiac",
    "MPG": 14.0,
    "Cylinders": 8,
    "Displacement": 455.0,
    "Horsepower": 225.0,
    "Weight": 4425,
    "Acceleration": 10.0,
    "Model Year": 70,
    "Origin": "American"
  },
  {
    "Car": "ambassador dpl",
    "Manufacturer": "amc",
    "MPG": 15.0,
    "Cylinders": 8,
    "Displacement": 390.0,
    "Horsepower": 190.0,
    "Weight": 3850,
    "Acceleration": 8.5,
    "Model Year": 70,
    "Origin": "American"
  },
  {
    "Car": "ds-21 pallas",
    "Manufacturer": "citroen",
    "MPG": null,
    "Cylinders": 4,
    "Displacement": 133.0,
    "Horsepower": 115.0,
    "Weight": 3090,
    "Acceleration": 17.5,
    "Model Year": 70,
    "Origin": "European"
  },
  {
    "Car": "chevelle concours (sw)",
    "Manufacturer": "chevrolet",
    "MPG": null,
    "Cylinders": 8,
    "Displacement": 350.0,
    "Horsepower": 165.0,
    "Weight": 4142,
    "Acceleration": 11.5,
    "Model Year": 70,
    "Origin": "American"
  },
  {
    "Car": "torino (sw)",
    "Manufacturer": "ford",
    "MPG": null,
    "Cylinders": 8,
    "Displacement": 351.0,
    "Horsepower": 153.0,
    "Weight": 4034,
    "Acceleration": 11.0,
    "Model Year": 70,
    "Origin": "American"
  },
  {
    "Car": "satellite (sw)",
    "Manufacturer": "plymouth",
    "MPG": null,
    "Cylinders": 8,
    "Displacement": 383.0,
    "Horsepower": 175.0,
    "Weight": 4166,
    "Acceleration": 10.5,
    "Model Year": 70,
    "Origin": "American"
  },
  {
    "Car": "rebel sst (sw)",
    "Manufacturer": "amc",
    "MPG": null,
    "Cylinders": 8,
    "Displacement": 360.0,
    "Horsepower": 175.0,
    "Weight": 3850,
    "Acceleration": 11.0,
    "Model Year": 70,
    "Origin": "American"
  },
  {
    "Car": "challenger se",
    "Manufacturer": "dodge",
    "MPG": 15.0,
    "Cylinders": 8,
    "Displacement": 383.0,
    "Horsepower": 170.0,
    "Weight": 3563,
    "Acceleration": 10.0,
    "Model Year": 70,
    "Origin": "American"
  },
  {
    "Car": "'cuda 340",
    "Manufacturer": "plymouth",
    "MPG": 14.0,
    "Cylinders": 8,
    "Displacement": 340.0,
    "Horsepower": 160.0,
    "Weight": 3609,
    "Acceleration": 8.0,
    "Model Year": 70,
    "Origin": "American"
  },
  {
    "Car": "mustang boss 302",
    "Manufacturer": "ford",
    "MPG": null,
    "Cylinders": 8,
    "Displacement": 302.0,
    "Horsepower": 140.0,
    "Weight": 3353,
    "Acceleration": 8.0,
    "Model Year": 70,
    "Origin": "American"
  },
  {
    "Car": "monte carlo",
    "Manufacturer": "chevrolet",
    "MPG": 15.0,
    "Cylinders": 8,
    "Displacement": 400.0,
    "Horsepower": 150.0,
    "Weight": 3761,
    "Acceleration": 9.5,
    "Model Year": 70,
    "Origin": "American"
  },
  {
    "Car": "estate wagon (sw)",
    "Manufacturer": "buick",
    "MPG": 14.0,
    "Cylinders": 8,
    "Displacement": 455.0,
    "Horsepower": 225.0,
    "Weight": 3086,
    "Acceleration": 10.0,
    "Model Year": 70,
    "Origin": "American"
  },
  {
    "Car": "corona mark ii",
    "Manufacturer": "toyota",
    "MPG": 24.0,
    "Cylinders": 4,
    "Displacement": 113.0,
    "Horsepower": 95.0,
    "Weight": 2372,
    "Acceleration": 15.0,
    "Model Year": 70,
    "Origin": "Japanese"
  },
  {
    "Car": "duster",
    "Manufacturer": "plymouth",
    "MPG": 22.0,
    "Cylinders": 6,
    "Displacement": 198.0,
    "Horsepower": 95.0,
    "Weight": 2833,
    "Acceleration": 15.5,
    "Model Year": 70,
    "Origin": "American"
  },
  {
    "Car": "hornet",
    "Manufacturer": "amc",
    "MPG": 18.0,
    "Cylinders": 6,
    "Displacement": 199.0,
    "Horsepower": 97.0,
    "Weight": 2774,
    "Acceleration": 15.5,
    "Model Year": 70,
    "Origin": "American"
  },
  {
    "Car": "maverick",
    "Manufacturer": "ford",
    "MPG": 21.0,
    "Cylinders": 6,
    "Displacement": 200.0,
    "Horsepower": 85.0,
    "Weight": 2587,
    "Acceleration": 16.0,
    "Model Year": 70,
    "Origin": "American"
  },
  {
    "Car": "pl510",
    "Manufacturer": "datsun",
    "MPG": 27.0,
    "Cylinders": 4,
    "Displacement": 97.0,
    "Horsepower": 88.0,
    "Weight": 2130,
    "Acceleration": 14.5,
    "Model Year": 70,
    "Origin": "Japanese"
  },
  {
    "Car": "1131 deluxe sedan",
    "Manufacturer": "vw",
    "MPG": 26.0,
    "Cylinders": 4,
    "Displacement": 97.0,
    "Horsepower": 46.0,
    "Weight": 1835,
    "Acceleration": 20.5,
    "Model Year": 70,
    "Origin": "European"
  },
  {
    "Car": "504",
    "Manufacturer": "peugeot",
    "MPG": 25.0,
    "Cylinders": 4,
    "Displacement": 110.0,
    "Horsepower": 87.0,
    "Weight": 2672,
    "Acceleration": 17.5,
    "Model Year": 70,
    "Origin": "European"
  },
  {
    "Car": "100 ls",
    "Manufacturer": "audi",
    "MPG": 24.0,
    "Cylinders": 4,
    "Displacement": 107.0,
    "Horsepower": 90.0,
    "Weight": 2430,
    "Acceleration": 14.5,
    "Model Year": 70,
    "Origin": "European"
  },
  {
    "Car": "99e",
    "Manufacturer": "saab",
    "MPG": 25.0,
    "Cylinders": 4,
    "Displacement": 104.0,
    "Horsepower": 95.0,
    "Weight": 2375,
    "Acceleration": 17.5,
    "Model Year": 70,
    "Origin": "European"
  },
  {
    "Car": "2002",
    "Manufacturer": "bmw",
    "MPG": 26.0,
    "Cylinders": 4,
    "Displacement": 121.0,
    "Horsepower": 113.0,
    "Weight": 2234,
    "Acceleration": 12.5,
    "Model Year": 70,
    "Origin": "European"
  },
  {
    "Car": "gremlin",
    "Manufacturer": "amc",
    "MPG": 21.0,
    "Cylinders": 6,
    "Displacement": 199.0,
    "Horsepower": 90.0,
    "Weight": 2648,
    "Acceleration": 15.0,
    "Model Year": 70,
    "Origin": "American"
  },
  {
    "Car": "f250",
    "Manufacturer": "ford",
    "MPG": 10.0,
    "Cylinders": 8,
    "Displacement": 360.0,
    "Horsepower": 215.0,
    "Weight": 4615,
    "Acceleration": 14.0,
    "Model Year": 70,
    "Origin": "American"
  },
  {
    "Car": "c20",
    "Manufacturer": "chevrolet",
    "MPG": 10.0,
    "Cylinders": 8,
    "Displacement": 307.0,
    "Horsepower": 200.0,
    "Weight": 4376,
    "Acceleration": 15.0,
    "Model Year": 70,
    "Origin": "American"
  },
  {
    "Car": "d200",
    "Manufacturer": "dodge",
    "MPG": 11.0,
    "Cylinders": 8,
    "Displacement": 318.0,
    "Horsepower": 210.0,
    "Weight": 4382,
    "Acceleration": 13.5,
    "Model Year": 70,
    "Origin": "American"
  },
  {
    "Car": "1200d",
    "Manufacturer": "hi",
    "MPG": 9.0,
    "Cylinders": 8,
    "Displacement": 304.0,
    "Horsepower": 193.0,
    "Weight": 4732,
    "Acceleration": 18.5,
    "Model Year": 70,
    "Origin": "American"
  },
  {
    "Car": "pl510",
    "Manufacturer": "datsun",
    "MPG": 27.0,
    "Cylinders": 4,
    "Displacement": 97.0,
    "Horsepower": 88.0,
    "Weight": 2130,
    "Acceleration": 14.5,
    "Model Year": 71,
    "Origin": "Japanese"
  },
  {
    "Car": "vega 2300",
    "Manufacturer": "chevrolet",
    "MPG": 28.0,
    "Cylinders": 4,
    "Displacement": 140.0,
    "Horsepower": 90.0,
    "Weight": 2264,
    "Acceleration": 15.5,
    "Model Year": 71,
    "Origin": "American"
  },
  {
    "Car": "corona",
    "Manufacturer": "toyota",
    "MPG": 25.0,
    "Cylinders": 4,
    "Displacement": 113.0,
    "Horsepower": 95.0,
    "Weight": 2228,
    "Acceleration": 14.0,
    "Model Year": 71,
    "Origin": "Japanese"
  },
  {
    "Car": "pinto",
    "Manufacturer": "ford",
    "MPG": 25.0,
    "Cylinders": 4,
    "Displacement": 98.0,
    "Horsepower": null,
    "Weight": 2046,
    "Acceleration": 19.0,
    "Model Year": 71,
    "Origin": "American"
  },
  {
    "Car": "super beetle 117",
    "Manufacturer": "vw",
    "MPG": null,
    "Cylinders": 4,
    "Displacement": 97.0,
    "Horsepower": 48.0,
    "Weight": 1978,
    "Acceleration": 20.0,
    "Model Year": 71,
    "Origin": "European"
  },
  {
    "Car": "gremlin",
    "Manufacturer": "amc",
    "MPG": 19.0,
    "Cylinders": 6,
    "Displacement": 232.0,
    "Horsepower": 100.0,
    "Weight": 2634,
    "Acceleration": 13.0,
    "Model Year": 71,
    "Origin": "American"
  },
  {
    "Car": "satellite custom",
    "Manufacturer": "plymouth",
    "MPG": 16.0,
    "Cylinders": 6,
    "Displacement": 225.0,
    "Horsepower": 105.0,
    "Weight": 3439,
    "Acceleration": 15.5,
    "Model Year": 71,
    "Origin": "American"
  },
  {
    "Car": "chevelle malibu",
    "Manufacturer": "chevrolet",
    "MPG": 17.0,
    "Cylinders": 6,
    "Displacement": 250.0,
    "Horsepower": 100.0,
    "Weight": 3329,
    "Acceleration": 15.5,
    "Model Year": 71,
    "Origin": "American"
  },
  {
    "Car": "torino 500",
    "Manufacturer": "ford",
    "MPG": 19.0,
    "Cylinders": 6,
    "Displacement": 250.0,
    "Horsepower": 88.0,
    "Weight": 3302,
    "Acceleration": 15.5,
    "Model Year": 71,
    "Origin": "American"
  },
  {
    "Car": "matador",
    "Manufacturer": "amc",
    "MPG": 18.0,
    "Cylinders": 6,
    "Displacement": 232.0,
    "Horsepower": 100.0,
    "Weight": 3288,
    "Acceleration": 15.5,
    "Model Year": 71,
    "Origin": "American"
  },
  {
    "Car": "impala",
    "Manufacturer": "chevrolet",
    "MPG": 14.0,
    "Cylinders": 8,
    "Displacement": 350.0,
    "Horsepower": 165.0,
    "Weight": 4209,
    "Acceleration": 12.0,
    "Model Year": 71,
    "Origin": "American"
  },
  {
    "Car": "catalina brougham",
    "Manufacturer": "pontiac",
    "MPG": 14.0,
    "Cylinders": 8,
    "Displacement": 400.0,
    "Horsepower": 175.0,
    "Weight": 4464,
    "Acceleration": 11.5,
    "Model Year": 71,
    "Origin": "American"
  },
  {
    "Car": "galaxie 500",
    "Manufacturer": "ford",
    "MPG": 14.0,
    "Cylinders": 8,
    "Displacement": 351.0,
    "Horsepower": 153.0,
    "Weight": 4154,
    "Acceleration": 13.5,
    "Model Year": 71,
    "Origin": "American"
  },
  {
    "Car": "fury iii",
    "Manufacturer": "plymouth",
    "MPG": 14.0,
    "Cylinders": 8,
    "Displacement": 318.0,
    "Horsepower": 150.0,
    "Weight": 4096,
    "Acceleration": 13.0,
    "Model Year": 71,
    "Origin": "American"
  },
  {
    "Car": "monaco (sw)",
    "Manufacturer": "dodge",
    "MPG": 12.0,
    "Cylinders": 8,
    "Displacement": 383.0,
    "Horsepower": 180.0,
    "Weight": 4955,
    "Acceleration": 11.5,
    "Model Year": 71,
    "Origin": "American"
  },
  {
    "Car": "country squire (sw)",
    "Manufacturer": "ford",
    "MPG": 13.0,
    "Cylinders": 8,
    "Displacement": 400.0,
    "Horsepower": 170.0,
    "Weight": 4746,
    "Acceleration": 12.0,
    "Model Year": 71,
    "Origin": "American"
  },
  {
    "Car": "safari (sw)",
    "Manufacturer": "pontiac",
    "MPG": 13.0,
    "Cylinders": 8,
    "Displacement": 400.0,
    "Horsepower": 175.0,
    "Weight": 5140,
    "Acceleration": 12.0,
    "Model Year": 71,
    "Origin": "American"
  },
  {
    "Car": "hornet sportabout (sw)",
    "Manufacturer": "amc",
    "MPG": 18.0,
    "Cylinders": 6,
    "Displacement": 258.0,
    "Horsepower": 110.0,
    "Weight": 2962,
    "Acceleration": 13.5,
    "Model Year": 71,
    "Origin": "American"
  },
  {
    "Car": "vega (sw)",
    "Manufacturer": "chevrolet",
    "MPG": 22.0,
    "Cylinders": 4,
    "Displacement": 140.0,
    "Horsepower": 72.0,
    "Weight": 2408,
    "Acceleration": 19.0,
    "Model Year": 71,
    "Origin": "American"
  },
  {
    "Car": "firebird",
    "Manufacturer": "pontiac",
    "MPG": 19.0,
    "Cylinders": 6,
    "Displacement": 250.0,
    "Horsepower": 100.0,
    "Weight": 3282,
    "Acceleration": 15.0,
    "Model Year": 71,
    "Origin": "American"
  },
  {
    "Car": "mustang",
    "Manufacturer": "ford",
    "MPG": 18.0,
    "Cylinders": 6,
    "Displacement": 250.0,
    "Horsepower": 88.0,
    "Weight": 3139,
    "Acceleration": 14.5,
    "Model Year": 71,
    "Origin": "American"
  },
  {
    "Car": "capri 2000",
    "Manufacturer": "mercury",
    "MPG": 23.0,
    "Cylinders": 4,
    "Displacement": 122.0,
    "Horsepower": 86.0,
    "Weight": 2220,
    "Acceleration": 14.0,
    "Model Year": 71,
    "Origin": "American"
  },
  {
    "Car": "opel 1900",
    "Manufacturer": "buick",
    "MPG": 28.0,
    "Cylinders": 4,
    "Displacement": 116.0,
    "Horsepower": 90.0,
    "Weight": 2123,
    "Acceleration": 14.0,
    "Model Year": 71,
    "Origin": "European"
  },
  {
    "Car": "304",
    "Manufacturer": "peugeot",
    "MPG": 30.0,
    "Cylinders": 4,
    "Displacement": 79.0,
    "Horsepower": 70.0,
    "Weight": 2074,
    "Acceleration": 19.5,
    "Model Year": 71,
    "Origin": "European"
  },
  {
    "Car": "124b",
    "Manufacturer": "fiat",
    "MPG": 30.0,
    "Cylinders": 4,
    "Displacement": 88.0,
    "Horsepower": 76.0,
    "Weight": 2065,
    "Acceleration": 14.5,
    "Model Year": 71,
    "Origin": "European"
  },
  {
    "Car": "corolla 1200",
    "Manufacturer": "toyota",
    "MPG": 31.0,
    "Cylinders": 4,
    "Displacement": 71.0,
    "Horsepower": 65.0,
    "Weight": 1773,
    "Acceleration": 19.0,
    "Model Year": 71,
    "Origin": "Japanese"
  },
  {
    "Car": "1200",
    "Manufacturer": "datsun",
    "MPG": 35.0,
    "Cylinders": 4,
    "Displacement": 72.0,
    "Horsepower": 69.0,
    "Weight": 1613,
    "Acceleration": 18.0,
    "Model Year": 71,
    "Origin": "Japanese"
  },
  {
    "Car": "model 111",
    "Manufacturer": "vw",
    "MPG": 27.0,
    "Cylinders": 4,
    "Displacement": 97.0,
    "Horsepower": 60.0,
    "Weight": 1834,
    "Acceleration": 19.0,
    "Model Year": 71,
    "Origin": "European"
  },
  {
    "Car": "cricket",
    "Manufacturer": "plymouth",
    "MPG": 26.0,
    "Cylinders": 4,
    "Displacement": 91.0,
    "Horsepower": 70.0,
    "Weight": 1955,
    "Acceleration": 20.5,
    "Model Year": 71,
    "Origin": "American"
  },
  {
    "Car": "corona hardtop",
    "Manufacturer": "toyota",
    "MPG": 24.0,
    "Cylinders": 4,
    "Displacement": 113.0,
    "Horsepower": 95.0,
    "Weight": 2278,
    "Acceleration": 15.5,
    "Model Year": 72,
    "Origin": "Japanese"
  },
  {
    "Car": "colt hardtop",
    "Manufacturer": "dodge",
    "MPG": 25.0,
    "Cylinders": 4,
    "Displacement": 97.5,
    "Horsepower": 80.0,
    "Weight": 2126,
    "Acceleration": 17.0,
    "Model Year": 72,
    "Origin": "American"
  },
  {
    "Car": "type 3",
    "Manufacturer": "vw",
    "MPG": 23.0,
    "Cylinders": 4,
    "Displacement": 97.0,
    "Horsepower": 54.0,
    "Weight": 2254,
    "Acceleration": 23.5,
    "Model Year": 72,
    "Origin": "European"
  },
  {
    "Car": "vega",
    "Manufacturer": "chevrolet",
    "MPG": 20.0,
    "Cylinders": 4,
    "Displacement": 140.0,
    "Horsepower": 90.0,
    "Weight": 2408,
    "Acceleration": 19.5,
    "Model Year": 72,
    "Origin": "American"
  },
  {
    "Car": "pinto runabout",
    "Manufacturer": "ford",
    "MPG": 21.0,
    "Cylinders": 4,
    "Displacement": 122.0,
    "Horsepower": 86.0,
    "Weight": 2226,
    "Acceleration": 16.5,
    "Model Year": 72,
    "Origin": "American"
  },
  {
    "Car": "impala",
    "Manufacturer": "chevrolet",
    "MPG": 13.0,
    "Cylinders": 8,
    "Displacement": 350.0,
    "Horsepower": 165.0,
    "Weight": 4274,
    "Acceleration": 12.0,
    "Model Year": 72,
    "Origin": "American"
  },
  {
    "Car": "catalina",
    "Manufacturer": "pontiac",
    "MPG": 14.0,
    "Cylinders": 8,
    "Displacement": 400.0,
    "Horsepower": 175.0,
    "Weight": 4385,
    "Acceleration": 12.0,
    "Model Year": 72,
    "Origin": "American"
  },
  {
    "Car": "fury iii",
    "Manufacturer": "plymouth",
    "MPG": 15.0,
    "Cylinders": 8,
    "Displacement": 318.0,
    "Horsepower": 150.0,
    "Weight": 4135,
    "Acceleration": 13.5,
    "Model Year": 72,
    "Origin": "American"
  },
  {
    "Car": "galaxie 500",
    "Manufacturer": "ford",
    "MPG": 14.0,
    "Cylinders": 8,
    "Displacement": 351.0,
    "Horsepower": 153.0,
    "Weight": 4129,
    "Acceleration": 13.0,
    "Model Year": 72,
    "Origin": "American"
  },
  {
    "Car": "ambassador sst",
    "Manufacturer": "amc",
    "MPG": 17.0,
    "Cylinders": 8,
    "Displacement": 304.0,
    "Horsepower": 150.0,
    "Weight": 3672,
    "Acceleration": 11.5,
    "Model Year": 72,
    "Origin": "American"
  },
  {
    "Car": "marquis",
    "Manufacturer": "mercury",
    "MPG": 11.0,
    "Cylinders": 8,
    "Displacement": 429.0,
    "Horsepower": 208.0,
    "Weight": 4633,
    "Acceleration": 11.0,
    "Model Year": 72,
    "Origin": "American"
  },
  {
    "Car": "lesabre custom",
    "Manufacturer": "buick",
    "MPG": 13.0,
    "Cylinders": 8,
    "Displacement": 350.0,
    "Horsepower": 155.0,
    "Weight": 4502,
    "Acceleration": 13.5,
    "Model Year": 72,
    "Origin": "American"
  },
  {
    "Car": "delta 88 royale",
    "Manufacturer": "oldsmobile",
    "MPG": 12.0,
    "Cylinders": 8,
    "Displacement": 350.0,
    "Horsepower": 160.0,
    "Weight": 4456,
    "Acceleration": 13.5,
    "Model Year": 72,
    "Origin": "American"
  },
  {
    "Car": "newport royal",
    "Manufacturer": "chrysler",
    "MPG": 13.0,
    "Cylinders": 8,
    "Displacement": 400.0,
    "Horsepower": 190.0,
    "Weight": 4422,
    "Acceleration": 12.5,
    "Model Year": 72,
    "Origin": "American"
  },
  {
    "Car": "rx2 coupe",
    "Manufacturer": "mazda",
    "MPG": 19.0,
    "Cylinders": 3,
    "Displacement": 70.0,
    "Horsepower": 97.0,
    "Weight": 2330,
    "Acceleration": 13.5,
    "Model Year": 72,
    "Origin": "Japanese"
  },
  {
    "Car": "matador (sw)",
    "Manufacturer": "amc",
    "MPG": 15.0,
    "Cylinders": 8,
    "Displacement": 304.0,
    "Horsepower": 150.0,
    "Weight": 3892,
    "Acceleration": 12.5,
    "Model Year": 72,
    "Origin": "American"
  },
  {
    "Car": "chevelle concours (sw)",
    "Manufacturer": "chevrolet",
    "MPG": 13.0,
    "Cylinders": 8,
    "Displacement": 307.0,
    "Horsepower": 130.0,
    "Weight": 4098,
    "Acceleration": 14.0,
    "Model Year": 72,
    "Origin": "American"
  },
  {
    "Car": "gran torino (sw)",
    "Manufacturer": "ford",
    "MPG": 13.0,
    "Cylinders": 8,
    "Displacement": 302.0,
    "Horsepower": 140.0,
    "Weight": 4294,
    "Acceleration": 16.0,
    "Model Year": 72,
    "Origin": "American"
  },
  {
    "Car": "satellite custom (sw)",
    "Manufacturer": "plymouth",
    "MPG": 14.0,
    "Cylinders": 8,
    "Displacement": 318.0,
    "Horsepower": 150.0,
    "Weight": 4077,
    "Acceleration": 14.0,
    "Model Year": 72,
    "Origin": "American"
  },
  {
    "Car": "145e (sw)",
    "Manufacturer": "volvo",
    "MPG": 18.0,
    "Cylinders": 4,
    "Displacement": 121.0,
    "Horsepower": 112.0,
    "Weight": 2933,
    "Acceleration": 14.5,
    "Model Year": 72,
    "Origin": "European"
  },
  {
    "Car": "411 (sw)",
    "Manufacturer": "vw",
    "MPG": 22.0,
    "Cylinders": 4,
    "Displacement": 121.0,
    "Horsepower": 76.0,
    "Weight": 2511,
    "Acceleration": 18.0,
    "Model Year": 72,
    "Origin": "European"
  },
  {
    "Car": "504 (sw)",
    "Manufacturer": "peugeot",
    "MPG": 21.0,
    "Cylinders": 4,
    "Displacement": 120.0,
    "Horsepower": 87.0,
    "Weight": 2979,
    "Acceleration": 19.5,
    "Model Year": 72,
    "Origin": "European"
  },
  {
    "Car": "12 (sw)",
    "Manufacturer": "renault",
    "MPG": 26.0,
    "Cylinders": 4,
    "Displacement": 96.0,
    "Horsepower": 69.0,
    "Weight": 2189,
    "Acceleration": 18.0,
    "Model Year": 72,
    "Origin": "European"
  },
  {
    "Car": "pinto (sw)",
    "Manufacturer": "ford",
    "MPG": 22.0,
    "Cylinders": 4,
    "Displacement": 122.0,
    "Horsepower": 86.0,
    "Weight": 2395,
    "Acceleration": 16.0,
    "Model Year": 72,
    "Origin": "American"
  },
  {
    "Car": "510 (sw)",
    "Manufacturer": "datsun",
    "MPG": 28.0,
    "Cylinders": 4,
    "Displacement": 97.0,
    "Horsepower": 92.0,
    "Weight": 2288,
    "Acceleration": 17.0,
    "Model Year": 72,
    "Origin": "Japanese"
  },
  {
    "Car": "corona mark ii (sw)",
    "Manufacturer": "toyota",
    "MPG": 23.0,
    "Cylinders": 4,
    "Displacement": 120.0,
    "Horsepower": 97.0,
    "Weight": 2506,
    "Acceleration": 14.5,
    "Model Year": 72,
    "Origin": "Japanese"
  },
  {
    "Car": "colt (sw)",
    "Manufacturer": "dodge",
    "MPG": 28.0,
    "Cylinders": 4,
    "Displacement": 98.0,
    "Horsepower": 80.0,
    "Weight": 2164,
    "Acceleration": 15.0,
    "Model Year": 72,
    "Origin": "American"
  },
  {
    "Car": "corolla 1600 (sw)",
    "Manufacturer": "toyota",
    "MPG": 27.0,
    "Cylinders": 4,
    "Displacement": 97.0,
    "Horsepower": 88.0,
    "Weight": 2100,
    "Acceleration": 16.5,
    "Model Year": 72,
    "Origin": "Japanese"
  },
  {
    "Car": "century 350",
    "Manufacturer": "buick",
    "MPG": 13.0,
    "Cylinders": 8,
    "Displacement": 350.0,
    "Horsepower": 175.0,
    "Weight": 4100,
    "Acceleration": 13.0,
    "Model Year": 73,
    "Origin": "American"
  },
  {
    "Car": "matador",
    "Manufacturer": "amc",
    "MPG": 14.0,
    "Cylinders": 8,
    "Displacement": 304.0,
    "Horsepower": 150.0,
    "Weight": 3672,
    "Acceleration": 11.5,
    "Model Year": 73,
    "Origin": "American"
  },
  {
    "Car": "malibu",
    "Manufacturer": "chevrolet",
    "MPG": 13.0,
    "Cylinders": 8,
    "Displacement": 350.0,
    "Horsepower": 145.0,
    "Weight": 3988,
    "Acceleration": 13.0,
    "Model Year": 73,
    "Origin": "American"
  },
  {
    "Car": "gran torino",
    "Manufacturer": "ford",
    "MPG": 14.0,
    "Cylinders": 8,
    "Displacement": 302.0,
    "Horsepower": 137.0,
    "Weight": 4042,
    "Acceleration": 14.5,
    "Model Year": 73,
    "Origin": "American"
  },
  {
    "Car": "coronet custom",
    "Manufacturer": "dodge",
    "MPG": 15.0,
    "Cylinders": 8,
    "Displacement": 318.0,
    "Horsepower": 150.0,
    "Weight": 3777,
    "Acceleration": 12.5,
    "Model Year": 73,
    "Origin": "American"
  },
  {
    "Car": "marquis brougham",
    "Manufacturer": "mercury",
    "MPG": 12.0,
    "Cylinders": 8,
    "Displacement": 429.0,
    "Horsepower": 198.0,
    "Weight": 4952,
    "Acceleration": 11.5,
    "Model Year": 73,
    "Origin": "American"
  },
  {
    "Car": "caprice classic",
    "Manufacturer": "chevrolet",
    "MPG": 13.0,
    "Cylinders": 8,
    "Displacement": 400.0,
    "Horsepower": 150.0,
    "Weight": 4464,
    "Acceleration": 12.0,
    "Model Year": 73,
    "Origin": "American"
  },
  {
    "Car": "ltd",
    "Manufacturer": "ford",
    "MPG": 13.0,
    "Cylinders": 8,
    "Displacement": 351.0,
    "Horsepower": 158.0,
    "Weight": 4363,
    "Acceleration": 13.0,
    "Model Year": 73,
    "Origin": "American"
  },
  {
    "Car": "fury gran sedan",
    "Manufacturer": "plymouth",
    "MPG": 14.0,
    "Cylinders": 8,
    "Displacement": 318.0,
    "Horsepower": 150.0,
    "Weight": 4237,
    "Acceleration": 14.5,
    "Model Year": 73,
    "Origin": "American"
  },
  {
    "Car": "new yorker brougham",
    "Manufacturer": "chrysler",
    "MPG": 13.0,
    "Cylinders": 8,
    "Displacement": 440.0,
    "Horsepower": 215.0,
    "Weight": 4735,
    "Acceleration": 11.0,
    "Model Year": 73,
    "Origin": "American"
  },
  {
    "Car": "electra 225 custom",
    "Manufacturer": "buick",
    "MPG": 12.0,
    "Cylinders": 8,
    "Displacement": 455.0,
    "Horsepower": 225.0,
    "Weight": 4951,
    "Acceleration": 11.0,
    "Model Year": 73,
    "Origin": "American"
  },
  {
    "Car": "ambassador brougham",
    "Manufacturer": "amc",
    "MPG": 13.0,
    "Cylinders": 8,
    "Displacement": 360.0,
    "Horsepower": 175.0,
    "Weight": 3821,
    "Acceleration": 11.0,
    "Model Year": 73,
    "Origin": "American"
  },
  {
    "Car": "valiant",
    "Manufacturer": "plymouth",
    "MPG": 18.0,
    "Cylinders": 6,
    "Displacement": 225.0,
    "Horsepower": 105.0,
    "Weight": 3121,
    "Acceleration": 16.5,
    "Model Year": 73,
    "Origin": "American"
  },
  {
    "Car": "nova custom",
    "Manufacturer": "chevrolet",
    "MPG": 16.0,
    "Cylinders": 6,
    "Displacement": 250.0,
    "Horsepower": 100.0,
    "Weight": 3278,
    "Acceleration": 18.0,
    "Model Year": 73,
    "Origin": "American"
  },
  {
    "Car": "hornet",
    "Manufacturer": "amc",
    "MPG": 18.0,
    "Cylinders": 6,
    "Displacement": 232.0,
    "Horsepower": 100.0,
    "Weight": 2945,
    "Acceleration": 16.0,
    "Model Year": 73,
    "Origin": "American"
  },
  {
    "Car": "maverick",
    "Manufacturer": "ford",
    "MPG": 18.0,
    "Cylinders": 6,
    "Displacement": 250.0,
    "Horsepower": 88.0,
    "Weight": 3021,
    "Acceleration": 16.5,
    "Model Year": 73,
    "Origin": "American"
  },
  {
    "Car": "duster",
    "Manufacturer": "plymouth",
    "MPG": 23.0,
    "Cylinders": 6,
    "Displacement": 198.0,
    "Horsepower": 95.0,
    "Weight": 2904,
    "Acceleration": 16.0,
    "Model Year": 73,
    "Origin": "American"
  },
  {
    "Car": "super beetle",
    "Manufacturer": "vw",
    "MPG": 26.0,
    "Cylinders": 4,
    "Displacement": 97.0,
    "Horsepower": 46.0,
    "Weight": 1950,
    "Acceleration": 21.0,
    "Model Year": 73,
    "Origin": "European"
  },
  {
    "Car": "impala",
    "Manufacturer": "chevrolet",
    "MPG": 11.0,
    "Cylinders": 8,
    "Displacement": 400.0,
    "Horsepower": 150.0,
    "Weight": 4997,
    "Acceleration": 14.0,
    "Model Year": 73,
    "Origin": "American"
  },
  {
    "Car": "country",
    "Manufacturer": "ford",
    "MPG": 12.0,
    "Cylinders": 8,
    "Displacement": 400.0,
    "Horsepower": 167.0,
    "Weight": 4906,
    "Acceleration": 12.5,
    "Model Year": 73,
    "Origin": "American"
  },
  {
    "Car": "custom suburb",
    "Manufacturer": "plymouth",
    "MPG": 13.0,
    "Cylinders": 8,
    "Displacement": 360.0,
    "Horsepower": 170.0,
    "Weight": 4654,
    "Acceleration": 13.0,
    "Model Year": 73,
    "Origin": "American"
  },
  {
    "Car": "vista cruiser",
    "Manufacturer": "oldsmobile",
    "MPG": 12.0,
    "Cylinders": 8,
    "Displacement": 350.0,
    "Horsepower": 180.0,
    "Weight": 4499,
    "Acceleration": 12.5,
    "Model Year": 73,
    "Origin": "American"
  },
  {
    "Car": "gremlin",
    "Manufacturer": "amc",
    "MPG": 18.0,
    "Cylinders": 6,
    "Displacement": 232.0,
    "Horsepower": 100.0,
    "Weight": 2789,
    "Acceleration": 15.0,
    "Model Year": 73,
    "Origin": "American"
  },
  {
    "Car": "carina",
    "Manufacturer": "toyota",
    "MPG": 20.0,
    "Cylinders": 4,
    "Displacement": 97.0,
    "Horsepower": 88.0,
    "Weight": 2279,
    "Acceleration": 19.0,
    "Model Year": 73,
    "Origin": "Japanese"
  },
  {
    "Car": "vega",
    "Manufacturer": "chevrolet",
    "MPG": 21.0,
    "Cylinders": 4,
    "Displacement": 140.0,
    "Horsepower": 72.0,
    "Weight": 2401,
    "Acceleration": 19.5,
    "Model Year": 73,
    "Origin": "American"
  },
  {
    "Car": "610",
    "Manufacturer": "datsun",
    "MPG": 22.0,
    "Cylinders": 4,
    "Displacement": 108.0,
    "Horsepower": 94.0,
    "Weight": 2379,
    "Acceleration": 16.5,
    "Model Year": 73,
    "Origin": "Japanese"
  },
  {
    "Car": "rx3",
    "Manufacturer": "mazda",
    "MPG": 18.0,
    "Cylinders": 3,
    "Displacement": 70.0,
    "Horsepower": 90.0,
    "Weight": 2124,
    "Acceleration": 13.5,
    "Model Year": 73,
    "Origin": "Japanese"
  },
  {
    "Car": "pinto",
    "Manufacturer": "ford",
    "MPG": 19.0,
    "Cylinders": 4,
    "Displacement": 122.0,
    "Horsepower": 85.0,
    "Weight": 2310,
    "Acceleration": 18.5,
    "Model Year": 73,
    "Origin": "American"
  },
  {
    "Car": "capri v6",
    "Manufacturer": "mercury",
    "MPG": 21.0,
    "Cylinders": 6,
    "Displacement": 155.0,
    "Horsepower": 107.0,
    "Weight": 2472,
    "Acceleration": 14.0,
    "Model Year": 73,
    "Origin": "American"
  },
  {
    "Car": "124 sport coupe",
    "Manufacturer": "fiat",
    "MPG": 26.0,
    "Cylinders": 4,
    "Displacement": 98.0,
    "Horsepower": 90.0,
    "Weight": 2265,
    "Acceleration": 15.5,
    "Model Year": 73,
    "Origin": "European"
  },
  {
    "Car": "monte carlo s",
    "Manufacturer": "chevrolet",
    "MPG": 15.0,
    "Cylinders": 8,
    "Displacement": 350.0,
    "Horsepower": 145.0,
    "Weight": 4082,
    "Acceleration": 13.0,
    "Model Year": 73,
    "Origin": "American"
  },
  {
    "Car": "grand prix",
    "Manufacturer": "pontiac",
    "MPG": 16.0,
    "Cylinders": 8,
    "Displacement": 400.0,
    "Horsepower": 230.0,
    "Weight": 4278,
    "Acceleration": 9.5,
    "Model Year": 73,
    "Origin": "American"
  },
  {
    "Car": "128",
    "Manufacturer": "fiat",
    "MPG": 29.0,
    "Cylinders": 4,
    "Displacement": 68.0,
    "Horsepower": 49.0,
    "Weight": 1867,
    "Acceleration": 19.5,
    "Model Year": 73,
    "Origin": "European"
  },
  {
    "Car": "opel manta",
    "Manufacturer": "buick",
    "MPG": 24.0,
    "Cylinders": 4,
    "Displacement": 116.0,
    "Horsepower": 75.0,
    "Weight": 2158,
    "Acceleration": 15.5,
    "Model Year": 73,
    "Origin": "European"
  },
  {
    "Car": "100ls",
    "Manufacturer": "audi",
    "MPG": 20.0,
    "Cylinders": 4,
    "Displacement": 114.0,
    "Horsepower": 91.0,
    "Weight": 2582,
    "Acceleration": 14.0,
    "Model Year": 73,
    "Origin": "European"
  },
  {
    "Car": "144ea",
    "Manufacturer": "volvo",
    "MPG": 19.0,
    "Cylinders": 4,
    "Displacement": 121.0,
    "Horsepower": 112.0,
    "Weight": 2868,
    "Acceleration": 15.5,
    "Model Year": 73,
    "Origin": "European"
  },
  {
    "Car": "dart custom",
    "Manufacturer": "dodge",
    "MPG": 15.0,
    "Cylinders": 8,
    "Displacement": 318.0,
    "Horsepower": 150.0,
    "Weight": 3399,
    "Acceleration": 11.0,
    "Model Year": 73,
    "Origin": "American"
  },
  {
    "Car": "99le",
    "Manufacturer": "saab",
    "MPG": 24.0,
    "Cylinders": 4,
    "Displacement": 121.0,
    "Horsepower": 110.0,
    "Weight": 2660,
    "Acceleration": 14.0,
    "Model Year": 73,
    "Origin": "European"
  },
  {
    "Car": "mark ii",
    "Manufacturer": "toyota",
    "MPG": 20.0,
    "Cylinders": 6,
    "Displacement": 156.0,
    "Horsepower": 122.0,
    "Weight": 2807,
    "Acceleration": 13.5,
    "Model Year": 73,
    "Origin": "Japanese"
  },
  {
    "Car": "omega",
    "Manufacturer": "oldsmobile",
    "MPG": 11.0,
    "Cylinders": 8,
    "Displacement": 350.0,
    "Horsepower": 180.0,
    "Weight": 3664,
    "Acceleration": 11.0,
    "Model Year": 73,
    "Origin": "American"
  },
  {
    "Car": "duster",
    "Manufacturer": "plymouth",
    "MPG": 20.0,
    "Cylinders": 6,
    "Displacement": 198.0,
    "Horsepower": 95.0,
    "Weight": 3102,
    "Acceleration": 16.5,
    "Model Year": 74,
    "Origin": "American"
  },
  {
    "Car": "maverick",
    "Manufacturer": "ford",
    "MPG": 21.0,
    "Cylinders": 6,
    "Displacement": 200.0,
    "Horsepower": null,
    "Weight": 2875,
    "Acceleration": 17.0,
    "Model Year": 74,
    "Origin": "American"
  },
  {
    "Car": "hornet",
    "Manufacturer": "amc",
    "MPG": 19.0,
    "Cylinders": 6,
    "Displacement": 232.0,
    "Horsepower": 100.0,
    "Weight": 2901,
    "Acceleration": 16.0,
    "Model Year": 74,
    "Origin": "American"
  },
  {
    "Car": "nova",
    "Manufacturer": "chevrolet",
    "MPG": 15.0,
    "Cylinders": 6,
    "Displacement": 250.0,
    "Horsepower": 100.0,
    "Weight": 3336,
    "Acceleration": 17.0,
    "Model Year": 74,
    "Origin": "American"
  },
  {
    "Car": "b210",
    "Manufacturer": "datsun",
    "MPG": 31.0,
    "Cylinders": 4,
    "Displacement": 79.0,
    "Horsepower": 67.0,
    "Weight": 1950,
    "Acceleration": 19.0,
    "Model Year": 74,
    "Origin": "Japanese"
  },
  {
    "Car": "pinto",
    "Manufacturer": "ford",
    "MPG": 26.0,
    "Cylinders": 4,
    "Displacement": 122.0,
    "Horsepower": 80.0,
    "Weight": 2451,
    "Acceleration": 16.5,
    "Model Year": 74,
    "Origin": "American"
  },
  {
    "Car": "corolla 1200",
    "Manufacturer": "toyota",
    "MPG": 32.0,
    "Cylinders": 4,
    "Displacement": 71.0,
    "Horsepower": 65.0,
    "Weight": 1836,
    "Acceleration": 21.0,
    "Model Year": 74,
    "Origin": "Japanese"
  },
  {
    "Car": "vega",
    "Manufacturer": "chevrolet",
    "MPG": 25.0,
    "Cylinders": 4,
    "Displacement": 140.0,
    "Horsepower": 75.0,
    "Weight": 2542,
    "Acceleration": 17.0,
    "Model Year": 74,
    "Origin": "American"
  },
  {
    "Car": "chevelle malibu classic",
    "Manufacturer": "chevrolet",
    "MPG": 16.0,
    "Cylinders": 6,
    "Displacement": 250.0,
    "Horsepower": 100.0,
    "Weight": 3781,
    "Acceleration": 17.0,
    "Model Year": 74,
    "Origin": "American"
  },
  {
    "Car": "matador",
    "Manufacturer": "amc",
    "MPG": 16.0,
    "Cylinders": 6,
    "Displacement": 258.0,
    "Horsepower": 110.0,
    "Weight": 3632,
    "Acceleration": 18.0,
    "Model Year": 74,
    "Origin": "American"
  },
  {
    "Car": "satellite sebring",
    "Manufacturer": "plymouth",
    "MPG": 18.0,
    "Cylinders": 6,
    "Displacement": 225.0,
    "Horsepower": 105.0,
    "Weight": 3613,
    "Acceleration": 16.5,
    "Model Year": 74,
    "Origin": "American"
  },
  {
    "Car": "gran torino",
    "Manufacturer": "ford",
    "MPG": 16.0,
    "Cylinders": 8,
    "Displacement": 302.0,
    "Horsepower": 140.0,
    "Weight": 4141,
    "Acceleration": 14.0,
    "Model Year": 74,
    "Origin": "American"
  },
  {
    "Car": "century luxus (sw)",
    "Manufacturer": "buick",
    "MPG": 13.0,
    "Cylinders": 8,
    "Displacement": 350.0,
    "Horsepower": 150.0,
    "Weight": 4699,
    "Acceleration": 14.5,
    "Model Year": 74,
    "Origin": "American"
  },
  {
    "Car": "coronet custom (sw)",
    "Manufacturer": "dodge",
    "MPG": 14.0,
    "Cylinders": 8,
    "Displacement": 318.0,
    "Horsepower": 150.0,
    "Weight": 4457,
    "Acceleration": 13.5,
    "Model Year": 74,
    "Origin": "American"
  },
  {
    "Car": "gran torino (sw)",
    "Manufacturer": "ford",
    "MPG": 14.0,
    "Cylinders": 8,
    "Displacement": 302.0,
    "Horsepower": 140.0,
    "Weight": 4638,
    "Acceleration": 16.0,
    "Model Year": 74,
    "Origin": "American"
  },
  {
    "Car": "matador (sw)",
    "Manufacturer": "amc",
    "MPG": 14.0,
    "Cylinders": 8,
    "Displacement": 304.0,
    "Horsepower": 150.0,
    "Weight": 4257,
    "Acceleration": 15.5,
    "Model Year": 74,
    "Origin": "American"
  },
  {
    "Car": "fox",
    "Manufacturer": "audi",
    "MPG": 29.0,
    "Cylinders": 4,
    "Displacement": 98.0,
    "Horsepower": 83.0,
    "Weight": 2219,
    "Acceleration": 16.5,
    "Model Year": 74,
    "Origin": "European"
  },
  {
    "Car": "dasher",
    "Manufacturer": "vw",
    "MPG": 26.0,
    "Cylinders": 4,
    "Displacement": 79.0,
    "Horsepower": 67.0,
    "Weight": 1963,
    "Acceleration": 15.5,
    "Model Year": 74,
    "Origin": "European"
  },
  {
    "Car": "opel manta",
    "Manufacturer": "buick",
    "MPG": 26.0,
    "Cylinders": 4,
    "Displacement": 97.0,
    "Horsepower": 78.0,
    "Weight": 2300,
    "Acceleration": 14.5,
    "Model Year": 74,
    "Origin": "European"
  },
  {
    "Car": "corona",
    "Manufacturer": "toyota",
    "MPG": 31.0,
    "Cylinders": 4,
    "Displacement": 76.0,
    "Horsepower": 52.0,
    "Weight": 1649,
    "Acceleration": 16.5,
    "Model Year": 74,
    "Origin": "Japanese"
  },
  {
    "Car": "710",
    "Manufacturer": "datsun",
    "MPG": 32.0,
    "Cylinders": 4,
    "Displacement": 83.0,
    "Horsepower": 61.0,
    "Weight": 2003,
    "Acceleration": 19.0,
    "Model Year": 74,
    "Origin": "Japanese"
  },
  {
    "Car": "colt",
    "Manufacturer": "dodge",
    "MPG": 28.0,
    "Cylinders": 4,
    "Displacement": 90.0,
    "Horsepower": 75.0,
    "Weight": 2125,
    "Acceleration": 14.5,
    "Model Year": 74,
    "Origin": "American"
  },
  {
    "Car": "128",
    "Manufacturer": "fiat",
    "MPG": 24.0,
    "Cylinders": 4,
    "Displacement": 90.0,
    "Horsepower": 75.0,
    "Weight": 2108,
    "Acceleration": 15.5,
    "Model Year": 74,
    "Origin": "European"
  },
  {
    "Car": "124 tc",
    "Manufacturer": "fiat",
    "MPG": 26.0,
    "Cylinders": 4,
    "Displacement": 116.0,
    "Horsepower": 75.0,
    "Weight": 2246,
    "Acceleration": 14.0,
    "Model Year": 74,
    "Origin": "European"
  },
  {
    "Car": "civic",
    "Manufacturer": "honda",
    "MPG": 24.0,
    "Cylinders": 4,
    "Displacement": 120.0,
    "Horsepower": 97.0,
    "Weight": 2489,
    "Acceleration": 15.0,
    "Model Year": 74,
    "Origin": "Japanese"
  },
  {
    "Car": "none",
    "Manufacturer": "subaru",
    "MPG": 26.0,
    "Cylinders": 4,
    "Displacement": 108.0,
    "Horsepower": 93.0,
    "Weight": 2391,
    "Acceleration": 15.5,
    "Model Year": 74,
    "Origin": "Japanese"
  },
  {
    "Car": "x1.9",
    "Manufacturer": "fiat",
    "MPG": 31.0,
    "Cylinders": 4,
    "Displacement": 79.0,
    "Horsepower": 67.0,
    "Weight": 2000,
    "Acceleration": 16.0,
    "Model Year": 74,
    "Origin": "European"
  },
  {
    "Car": "valiant custom",
    "Manufacturer": "plymouth",
    "MPG": 19.0,
    "Cylinders": 6,
    "Displacement": 225.0,
    "Horsepower": 95.0,
    "Weight": 3264,
    "Acceleration": 16.0,
    "Model Year": 75,
    "Origin": "American"
  },
  {
    "Car": "nova",
    "Manufacturer": "chevrolet",
    "MPG": 18.0,
    "Cylinders": 6,
    "Displacement": 250.0,
    "Horsepower": 105.0,
    "Weight": 3459,
    "Acceleration": 16.0,
    "Model Year": 75,
    "Origin": "American"
  },
  {
    "Car": "monarch",
    "Manufacturer": "mercury",
    "MPG": 15.0,
    "Cylinders": 6,
    "Displacement": 250.0,
    "Horsepower": 72.0,
    "Weight": 3432,
    "Acceleration": 21.0,
    "Model Year": 75,
    "Origin": "American"
  },
  {
    "Car": "maverick",
    "Manufacturer": "ford",
    "MPG": 15.0,
    "Cylinders": 6,
    "Displacement": 250.0,
    "Horsepower": 72.0,
    "Weight": 3158,
    "Acceleration": 19.5,
    "Model Year": 75,
    "Origin": "American"
  },
  {
    "Car": "catalina",
    "Manufacturer": "pontiac",
    "MPG": 16.0,
    "Cylinders": 8,
    "Displacement": 400.0,
    "Horsepower": 170.0,
    "Weight": 4668,
    "Acceleration": 11.5,
    "Model Year": 75,
    "Origin": "American"
  },
  {
    "Car": "bel air",
    "Manufacturer": "chevrolet",
    "MPG": 15.0,
    "Cylinders": 8,
    "Displacement": 350.0,
    "Horsepower": 145.0,
    "Weight": 4440,
    "Acceleration": 14.0,
    "Model Year": 75,
    "Origin": "American"
  },
  {
    "Car": "grand fury",
    "Manufacturer": "plymouth",
    "MPG": 16.0,
    "Cylinders": 8,
    "Displacement": 318.0,
    "Horsepower": 150.0,
    "Weight": 4498,
    "Acceleration": 14.5,
    "Model Year": 75,
    "Origin": "American"
  },
  {
    "Car": "ltd",
    "Manufacturer": "ford",
    "MPG": 14.0,
    "Cylinders": 8,
    "Displacement": 351.0,
    "Horsepower": 148.0,
    "Weight": 4657,
    "Acceleration": 13.5,
    "Model Year": 75,
    "Origin": "American"
  },
  {
    "Car": "century",
    "Manufacturer": "buick",
    "MPG": 17.0,
    "Cylinders": 6,
    "Displacement": 231.0,
    "Horsepower": 110.0,
    "Weight": 3907,
    "Acceleration": 21.0,
    "Model Year": 75,
    "Origin": "American"
  },
  {
    "Car": "chevelle malibu",
    "Manufacturer": "chevrolet",
    "MPG": 16.0,
    "Cylinders": 6,
    "Displacement": 250.0,
    "Horsepower": 105.0,
    "Weight": 3897,
    "Acceleration": 18.5,
    "Model Year": 75,
    "Origin": "American"
  },
  {
    "Car": "matador",
    "Manufacturer": "amc",
    "MPG": 15.0,
    "Cylinders": 6,
    "Displacement": 258.0,
    "Horsepower": 110.0,
    "Weight": 3730,
    "Acceleration": 19.0,
    "Model Year": 75,
    "Origin": "American"
  },
  {
    "Car": "fury",
    "Manufacturer": "plymouth",
    "MPG": 18.0,
    "Cylinders": 6,
    "Displacement": 225.0,
    "Horsepower": 95.0,
    "Weight": 3785,
    "Acceleration": 19.0,
    "Model Year": 75,
    "Origin": "American"
  },
  {
    "Car": "skyhawk",
    "Manufacturer": "buick",
    "MPG": 21.0,
    "Cylinders": 6,
    "Displacement": 231.0,
    "Horsepower": 110.0,
    "Weight": 3039,
    "Acceleration": 15.0,
    "Model Year": 75,
    "Origin": "American"
  },
  {
    "Car": "monza 2+2",
    "Manufacturer": "chevrolet",
    "MPG": 20.0,
    "Cylinders": 8,
    "Displacement": 262.0,
    "Horsepower": 110.0,
    "Weight": 3221,
    "Acceleration": 13.5,
    "Model Year": 75,
    "Origin": "American"
  },
  {
    "Car": "mustang ii",
    "Manufacturer": "ford",
    "MPG": 13.0,
    "Cylinders": 8,
    "Displacement": 302.0,
    "Horsepower": 129.0,
    "Weight": 3169,
    "Acceleration": 12.0,
    "Model Year": 75,
    "Origin": "American"
  },
  {
    "Car": "corolla",
    "Manufacturer": "toyota",
    "MPG": 29.0,
    "Cylinders": 4,
    "Displacement": 97.0,
    "Horsepower": 75.0,
    "Weight": 2171,
    "Acceleration": 16.0,
    "Model Year": 75,
    "Origin": "Japanese"
  },
  {
    "Car": "pinto",
    "Manufacturer": "ford",
    "MPG": 23.0,
    "Cylinders": 4,
    "Displacement": 140.0,
    "Horsepower": 83.0,
    "Weight": 2639,
    "Acceleration": 17.0,
    "Model Year": 75,
    "Origin": "American"
  },
  {
    "Car": "gremlin",
    "Manufacturer": "amc",
    "MPG": 20.0,
    "Cylinders": 6,
    "Displacement": 232.0,
    "Horsepower": 100.0,
    "Weight": 2914,
    "Acceleration": 16.0,
    "Model Year": 75,
    "Origin": "American"
  },
  {
    "Car": "astro",
    "Manufacturer": "pontiac",
    "MPG": 23.0,
    "Cylinders": 4,
    "Displacement": 140.0,
    "Horsepower": 78.0,
    "Weight": 2592,
    "Acceleration": 18.5,
    "Model Year": 75,
    "Origin": "American"
  },
  {
    "Car": "corona",
    "Manufacturer": "toyota",
    "MPG": 24.0,
    "Cylinders": 4,
    "Displacement": 134.0,
    "Horsepower": 96.0,
    "Weight": 2702,
    "Acceleration": 13.5,
    "Model Year": 75,
    "Origin": "Japanese"
  },
  {
    "Car": "dasher",
    "Manufacturer": "vw",
    "MPG": 25.0,
    "Cylinders": 4,
    "Displacement": 90.0,
    "Horsepower": 71.0,
    "Weight": 2223,
    "Acceleration": 16.5,
    "Model Year": 75,
    "Origin": "European"
  },
  {
    "Car": "710",
    "Manufacturer": "datsun",
    "MPG": 24.0,
    "Cylinders": 4,
    "Displacement": 119.0,
    "Horsepower": 97.0,
    "Weight": 2545,
    "Acceleration": 17.0,
    "Model Year": 75,
    "Origin": "Japanese"
  },
  {
    "Car": "pinto",
    "Manufacturer": "ford",
    "MPG": 18.0,
    "Cylinders": 6,
    "Displacement": 171.0,
    "Horsepower": 97.0,
    "Weight": 2984,
    "Acceleration": 14.5,
    "Model Year": 75,
    "Origin": "American"
  },
  {
    "Car": "rabbit",
    "Manufacturer": "vw",
    "MPG": 29.0,
    "Cylinders": 4,
    "Displacement": 90.0,
    "Horsepower": 70.0,
    "Weight": 1937,
    "Acceleration": 14.0,
    "Model Year": 75,
    "Origin": "European"
  },
  {
    "Car": "pacer",
    "Manufacturer": "amc",
    "MPG": 19.0,
    "Cylinders": 6,
    "Displacement": 232.0,
    "Horsepower": 90.0,
    "Weight": 3211,
    "Acceleration": 17.0,
    "Model Year": 75,
    "Origin": "American"
  },
  {
    "Car": "100ls",
    "Manufacturer": "audi",
    "MPG": 23.0,
    "Cylinders": 4,
    "Displacement": 115.0,
    "Horsepower": 95.0,
    "Weight": 2694,
    "Acceleration": 15.0,
    "Model Year": 75,
    "Origin": "European"
  },
  {
    "Car": "504",
    "Manufacturer": "peugeot",
    "MPG": 23.0,
    "Cylinders": 4,
    "Displacement": 120.0,
    "Horsepower": 88.0,
    "Weight": 2957,
    "Acceleration": 17.0,
    "Model Year": 75,
    "Origin": "European"
  },
  {
    "Car": "244dl",
    "Manufacturer": "volvo",
    "MPG": 22.0,
    "Cylinders": 4,
    "Displacement": 121.0,
    "Horsepower": 98.0,
    "Weight": 2945,
    "Acceleration": 14.5,
    "Model Year": 75,
    "Origin": "European"
  },
  {
    "Car": "99le",
    "Manufacturer": "saab",
    "MPG": 25.0,
    "Cylinders": 4,
    "Displacement": 121.0,
    "Horsepower": 115.0,
    "Weight": 2671,
    "Acceleration": 13.5,
    "Model Year": 75,
    "Origin": "European"
  },
  {
    "Car": "civic cvcc",
    "Manufacturer": "honda",
    "MPG": 33.0,
    "Cylinders": 4,
    "Displacement": 91.0,
    "Horsepower": 53.0,
    "Weight": 1795,
    "Acceleration": 17.5,
    "Model Year": 75,
    "Origin": "Japanese"
  },
  {
    "Car": "131",
    "Manufacturer": "fiat",
    "MPG": 28.0,
    "Cylinders": 4,
    "Displacement": 107.0,
    "Horsepower": 86.0,
    "Weight": 2464,
    "Acceleration": 15.5,
    "Model Year": 76,
    "Origin": "European"
  },
  {
    "Car": "opel 1900",
    "Manufacturer": "buick",
    "MPG": 25.0,
    "Cylinders": 4,
    "Displacement": 116.0,
    "Horsepower": 81.0,
    "Weight": 2220,
    "Acceleration": 16.9,
    "Model Year": 76,
    "Origin": "European"
  },
  {
    "Car": "ii",
    "Manufacturer": "capri",
    "MPG": 25.0,
    "Cylinders": 4,
    "Displacement": 140.0,
    "Horsepower": 92.0,
    "Weight": 2572,
    "Acceleration": 14.9,
    "Model Year": 76,
    "Origin": "American"
  },
  {
    "Car": "colt",
    "Manufacturer": "dodge",
    "MPG": 26.0,
    "Cylinders": 4,
    "Displacement": 98.0,
    "Horsepower": 79.0,
    "Weight": 2255,
    "Acceleration": 17.7,
    "Model Year": 76,
    "Origin": "American"
  },
  {
    "Car": "12tl",
    "Manufacturer": "renault",
    "MPG": 27.0,
    "Cylinders": 4,
    "Displacement": 101.0,
    "Horsepower": 83.0,
    "Weight": 2202,
    "Acceleration": 15.3,
    "Model Year": 76,
    "Origin": "European"
  },
  {
    "Car": "chevelle malibu classic",
    "Manufacturer": "chevrolet",
    "MPG": 17.5,
    "Cylinders": 8,
    "Displacement": 305.0,
    "Horsepower": 140.0,
    "Weight": 4215,
    "Acceleration": 13.0,
    "Model Year": 76,
    "Origin": "American"
  },
  {
    "Car": "coronet brougham",
    "Manufacturer": "dodge",
    "MPG": 16.0,
    "Cylinders": 8,
    "Displacement": 318.0,
    "Horsepower": 150.0,
    "Weight": 4190,
    "Acceleration": 13.0,
    "Model Year": 76,
    "Origin": "American"
  },
  {
    "Car": "matador",
    "Manufacturer": "amc",
    "MPG": 15.5,
    "Cylinders": 8,
    "Displacement": 304.0,
    "Horsepower": 120.0,
    "Weight": 3962,
    "Acceleration": 13.9,
    "Model Year": 76,
    "Origin": "American"
  },
  {
    "Car": "gran torino",
    "Manufacturer": "ford",
    "MPG": 14.5,
    "Cylinders": 8,
    "Displacement": 351.0,
    "Horsepower": 152.0,
    "Weight": 4215,
    "Acceleration": 12.8,
    "Model Year": 76,
    "Origin": "American"
  },
  {
    "Car": "valiant",
    "Manufacturer": "plymouth",
    "MPG": 22.0,
    "Cylinders": 6,
    "Displacement": 225.0,
    "Horsepower": 100.0,
    "Weight": 3233,
    "Acceleration": 15.4,
    "Model Year": 76,
    "Origin": "American"
  },
  {
    "Car": "nova",
    "Manufacturer": "chevrolet",
    "MPG": 22.0,
    "Cylinders": 6,
    "Displacement": 250.0,
    "Horsepower": 105.0,
    "Weight": 3353,
    "Acceleration": 14.5,
    "Model Year": 76,
    "Origin": "American"
  },
  {
    "Car": "maverick",
    "Manufacturer": "ford",
    "MPG": 24.0,
    "Cylinders": 6,
    "Displacement": 200.0,
    "Horsepower": 81.0,
    "Weight": 3012,
    "Acceleration": 17.6,
    "Model Year": 76,
    "Origin": "American"
  },
  {
    "Car": "hornet",
    "Manufacturer": "amc",
    "MPG": 22.5,
    "Cylinders": 6,
    "Displacement": 232.0,
    "Horsepower": 90.0,
    "Weight": 3085,
    "Acceleration": 17.6,
    "Model Year": 76,
    "Origin": "American"
  },
  {
    "Car": "chevette",
    "Manufacturer": "chevrolet",
    "MPG": 29.0,
    "Cylinders": 4,
    "Displacement": 85.0,
    "Horsepower": 52.0,
    "Weight": 2035,
    "Acceleration": 22.2,
    "Model Year": 76,
    "Origin": "American"
  },
  {
    "Car": "woody",
    "Manufacturer": "chevrolet",
    "MPG": 24.5,
    "Cylinders": 4,
    "Displacement": 98.0,
    "Horsepower": 60.0,
    "Weight": 2164,
    "Acceleration": 22.1,
    "Model Year": 76,
    "Origin": "American"
  },
  {
    "Car": "rabbit",
    "Manufacturer": "vw",
    "MPG": 29.0,
    "Cylinders": 4,
    "Displacement": 90.0,
    "Horsepower": 70.0,
    "Weight": 1937,
    "Acceleration": 14.2,
    "Model Year": 76,
    "Origin": "European"
  },
  {
    "Car": "civic",
    "Manufacturer": "honda",
    "MPG": 33.0,
    "Cylinders": 4,
    "Displacement": 91.0,
    "Horsepower": 53.0,
    "Weight": 1795,
    "Acceleration": 17.4,
    "Model Year": 76,
    "Origin": "Japanese"
  },
  {
    "Car": "aspen se",
    "Manufacturer": "dodge",
    "MPG": 20.0,
    "Cylinders": 6,
    "Displacement": 225.0,
    "Horsepower": 100.0,
    "Weight": 3651,
    "Acceleration": 17.7,
    "Model Year": 76,
    "Origin": "American"
  },
  {
    "Car": "granada ghia",
    "Manufacturer": "ford",
    "MPG": 18.0,
    "Cylinders": 6,
    "Displacement": 250.0,
    "Horsepower": 78.0,
    "Weight": 3574,
    "Acceleration": 21.0,
    "Model Year": 76,
    "Origin": "American"
  },
  {
    "Car": "ventura sj",
    "Manufacturer": "pontiac",
    "MPG": 18.5,
    "Cylinders": 6,
    "Displacement": 250.0,
    "Horsepower": 110.0,
    "Weight": 3645,
    "Acceleration": 16.2,
    "Model Year": 76,
    "Origin": "American"
  },
  {
    "Car": "pacer d/l",
    "Manufacturer": "amc",
    "MPG": 17.5,
    "Cylinders": 6,
    "Displacement": 258.0,
    "Horsepower": 95.0,
    "Weight": 3193,
    "Acceleration": 17.8,
    "Model Year": 76,
    "Origin": "American"
  },
  {
    "Car": "rabbit",
    "Manufacturer": "vw",
    "MPG": 29.5,
    "Cylinders": 4,
    "Displacement": 97.0,
    "Horsepower": 71.0,
    "Weight": 1825,
    "Acceleration": 12.2,
    "Model Year": 76,
    "Origin": "European"
  },
  {
    "Car": "b-210",
    "Manufacturer": "datsun",
    "MPG": 32.0,
    "Cylinders": 4,
    "Displacement": 85.0,
    "Horsepower": 70.0,
    "Weight": 1990,
    "Acceleration": 17.0,
    "Model Year": 76,
    "Origin": "Japanese"
  },
  {
    "Car": "corolla",
    "Manufacturer": "toyota",
    "MPG": 28.0,
    "Cylinders": 4,
    "Displacement": 97.0,
    "Horsepower": 75.0,
    "Weight": 2155,
    "Acceleration": 16.4,
    "Model Year": 76,
    "Origin": "Japanese"
  },
  {
    "Car": "pinto",
    "Manufacturer": "ford",
    "MPG": 26.5,
    "Cylinders": 4,
    "Displacement": 140.0,
    "Horsepower": 72.0,
    "Weight": 2565,
    "Acceleration": 13.6,
    "Model Year": 76,
    "Origin": "American"
  },
  {
    "Car": "245",
    "Manufacturer": "volvo",
    "MPG": 20.0,
    "Cylinders": 4,
    "Displacement": 130.0,
    "Horsepower": 102.0,
    "Weight": 3150,
    "Acceleration": 15.7,
    "Model Year": 76,
    "Origin": "European"
  },
  {
    "Car": "volare premier v8",
    "Manufacturer": "plymouth",
    "MPG": 13.0,
    "Cylinders": 8,
    "Displacement": 318.0,
    "Horsepower": 150.0,
    "Weight": 3940,
    "Acceleration": 13.2,
    "Model Year": 76,
    "Origin": "American"
  },
  {
    "Car": "504",
    "Manufacturer": "peugeot",
    "MPG": 19.0,
    "Cylinders": 4,
    "Displacement": 120.0,
    "Horsepower": 88.0,
    "Weight": 3270,
    "Acceleration": 21.9,
    "Model Year": 76,
    "Origin": "European"
  },
  {
    "Car": "mark ii",
    "Manufacturer": "toyota",
    "MPG": 19.0,
    "Cylinders": 6,
    "Displacement": 156.0,
    "Horsepower": 108.0,
    "Weight": 2930,
    "Acceleration": 15.5,
    "Model Year": 76,
    "Origin": "Japanese"
  },
  {
    "Car": "280s",
    "Manufacturer": "mercedes",
    "MPG": 16.5,
    "Cylinders": 6,
    "Displacement": 168.0,
    "Horsepower": 120.0,
    "Weight": 3820,
    "Acceleration": 16.7,
    "Model Year": 76,
    "Origin": "European"
  },
  {
    "Car": "seville",
    "Manufacturer": "cadillac",
    "MPG": 16.5,
    "Cylinders": 8,
    "Displacement": 350.0,
    "Horsepower": 180.0,
    "Weight": 4380,
    "Acceleration": 12.1,
    "Model Year": 76,
    "Origin": "American"
  },
  {
    "Car": "c10",
    "Manufacturer": "chevrolet",
    "MPG": 13.0,
    "Cylinders": 8,
    "Displacement": 350.0,
    "Horsepower": 145.0,
    "Weight": 4055,
    "Acceleration": 12.0,
    "Model Year": 76,
    "Origin": "American"
  },
  {
    "Car": "f108",
    "Manufacturer": "ford",
    "MPG": 13.0,
    "Cylinders": 8,
    "Displacement": 302.0,
    "Horsepower": 130.0,
    "Weight": 3870,
    "Acceleration": 15.0,
    "Model Year": 76,
    "Origin": "American"
  },
  {
    "Car": "d100",
    "Manufacturer": "dodge",
    "MPG": 13.0,
    "Cylinders": 8,
    "Displacement": 318.0,
    "Horsepower": 150.0,
    "Weight": 3755,
    "Acceleration": 14.0,
    "Model Year": 76,
    "Origin": "American"
  },
  {
    "Car": "accord cvcc",
    "Manufacturer": "honda",
    "MPG": 31.5,
    "Cylinders": 4,
    "Displacement": 98.0,
    "Horsepower": 68.0,
    "Weight": 2045,
    "Acceleration": 18.5,
    "Model Year": 77,
    "Origin": "Japanese"
  },
  {
    "Car": "opel isuzu deluxe",
    "Manufacturer": "buick",
    "MPG": 30.0,
    "Cylinders": 4,
    "Displacement": 111.0,
    "Horsepower": 80.0,
    "Weight": 2155,
    "Acceleration": 14.8,
    "Model Year": 77,
    "Origin": "American"
  },
  {
    "Car": "5 gtl",
    "Manufacturer": "renault",
    "MPG": 36.0,
    "Cylinders": 4,
    "Displacement": 79.0,
    "Horsepower": 58.0,
    "Weight": 1825,
    "Acceleration": 18.6,
    "Model Year": 77,
    "Origin": "European"
  },
  {
    "Car": "arrow gs",
    "Manufacturer": "plymouth",
    "MPG": 25.5,
    "Cylinders": 4,
    "Displacement": 122.0,
    "Horsepower": 96.0,
    "Weight": 2300,
    "Acceleration": 15.5,
    "Model Year": 77,
    "Origin": "American"
  },
  {
    "Car": "f-10 hatchback",
    "Manufacturer": "datsun",
    "MPG": 33.5,
    "Cylinders": 4,
    "Displacement": 85.0,
    "Horsepower": 70.0,
    "Weight": 1945,
    "Acceleration": 16.8,
    "Model Year": 77,
    "Origin": "Japanese"
  },
  {
    "Car": "caprice classic",
    "Manufacturer": "chevrolet",
    "MPG": 17.5,
    "Cylinders": 8,
    "Displacement": 305.0,
    "Horsepower": 145.0,
    "Weight": 3880,
    "Acceleration": 12.5,
    "Model Year": 77,
    "Origin": "American"
  },
  {
    "Car": "cutlass supreme",
    "Manufacturer": "oldsmobile",
    "MPG": 17.0,
    "Cylinders": 8,
    "Displacement": 260.0,
    "Horsepower": 110.0,
    "Weight": 4060,
    "Acceleration": 19.0,
    "Model Year": 77,
    "Origin": "American"
  },
  {
    "Car": "monaco brougham",
    "Manufacturer": "dodge",
    "MPG": 15.5,
    "Cylinders": 8,
    "Displacement": 318.0,
    "Horsepower": 145.0,
    "Weight": 4140,
    "Acceleration": 13.7,
    "Model Year": 77,
    "Origin": "American"
  },
  {
    "Car": "cougar brougham",
    "Manufacturer": "mercury",
    "MPG": 15.0,
    "Cylinders": 8,
    "Displacement": 302.0,
    "Horsepower": 130.0,
    "Weight": 4295,
    "Acceleration": 14.9,
    "Model Year": 77,
    "Origin": "American"
  },
  {
    "Car": "concours",
    "Manufacturer": "chevrolet",
    "MPG": 17.5,
    "Cylinders": 6,
    "Displacement": 250.0,
    "Horsepower": 110.0,
    "Weight": 3520,
    "Acceleration": 16.4,
    "Model Year": 77,
    "Origin": "American"
  },
  {
    "Car": "skylark",
    "Manufacturer": "buick",
    "MPG": 20.5,
    "Cylinders": 6,
    "Displacement": 231.0,
    "Horsepower": 105.0,
    "Weight": 3425,
    "Acceleration": 16.9,
    "Model Year": 77,
    "Origin": "American"
  },
  {
    "Car": "volare custom",
    "Manufacturer": "plymouth",
    "MPG": 19.0,
    "Cylinders": 6,
    "Displacement": 225.0,
    "Horsepower": 100.0,
    "Weight": 3630,
    "Acceleration": 17.7,
    "Model Year": 77,
    "Origin": "American"
  },
  {
    "Car": "granada",
    "Manufacturer": "ford",
    "MPG": 18.5,
    "Cylinders": 6,
    "Displacement": 250.0,
    "Horsepower": 98.0,
    "Weight": 3525,
    "Acceleration": 19.0,
    "Model Year": 77,
    "Origin": "American"
  },
  {
    "Car": "grand prix lj",
    "Manufacturer": "pontiac",
    "MPG": 16.0,
    "Cylinders": 8,
    "Displacement": 400.0,
    "Horsepower": 180.0,
    "Weight": 4220,
    "Acceleration": 11.1,
    "Model Year": 77,
    "Origin": "American"
  },
  {
    "Car": "monte carlo landau",
    "Manufacturer": "chevrolet",
    "MPG": 15.5,
    "Cylinders": 8,
    "Displacement": 350.0,
    "Horsepower": 170.0,
    "Weight": 4165,
    "Acceleration": 11.4,
    "Model Year": 77,
    "Origin": "American"
  },
  {
    "Car": "cordoba",
    "Manufacturer": "chrysler",
    "MPG": 15.5,
    "Cylinders": 8,
    "Displacement": 400.0,
    "Horsepower": 190.0,
    "Weight": 4325,
    "Acceleration": 12.2,
    "Model Year": 77,
    "Origin": "American"
  },
  {
    "Car": "thunderbird",
    "Manufacturer": "ford",
    "MPG": 16.0,
    "Cylinders": 8,
    "Displacement": 351.0,
    "Horsepower": 149.0,
    "Weight": 4335,
    "Acceleration": 14.5,
    "Model Year": 77,
    "Origin": "American"
  },
  {
    "Car": "rabbit custom",
    "Manufacturer": "vw",
    "MPG": 29.0,
    "Cylinders": 4,
    "Displacement": 97.0,
    "Horsepower": 78.0,
    "Weight": 1940,
    "Acceleration": 14.5,
    "Model Year": 77,
    "Origin": "European"
  },
  {
    "Car": "sunbird coupe",
    "Manufacturer": "pontiac",
    "MPG": 24.5,
    "Cylinders": 4,
    "Displacement": 151.0,
    "Horsepower": 88.0,
    "Weight": 2740,
    "Acceleration": 16.0,
    "Model Year": 77,
    "Origin": "American"
  },
  {
    "Car": "corolla liftback",
    "Manufacturer": "toyota",
    "MPG": 26.0,
    "Cylinders": 4,
    "Displacement": 97.0,
    "Horsepower": 75.0,
    "Weight": 2265,
    "Acceleration": 18.2,
    "Model Year": 77,
    "Origin": "Japanese"
  },
  {
    "Car": "mustang ii 2+2",
    "Manufacturer": "ford",
    "MPG": 25.5,
    "Cylinders": 4,
    "Displacement": 140.0,
    "Horsepower": 89.0,
    "Weight": 2755,
    "Acceleration": 15.8,
    "Model Year": 77,
    "Origin": "American"
  },
  {
    "Car": "chevette",
    "Manufacturer": "chevrolet",
    "MPG": 30.5,
    "Cylinders": 4,
    "Displacement": 98.0,
    "Horsepower": 63.0,
    "Weight": 2051,
    "Acceleration": 17.0,
    "Model Year": 77,
    "Origin": "American"
  },
  {
    "Car": "colt m/m",
    "Manufacturer": "dodge",
    "MPG": 33.5,
    "Cylinders": 4,
    "Displacement": 98.0,
    "Horsepower": 83.0,
    "Weight": 2075,
    "Acceleration": 15.9,
    "Model Year": 77,
    "Origin": "American"
  },
  {
    "Car": "dl",
    "Manufacturer": "subaru",
    "MPG": 30.0,
    "Cylinders": 4,
    "Displacement": 97.0,
    "Horsepower": 67.0,
    "Weight": 1985,
    "Acceleration": 16.4,
    "Model Year": 77,
    "Origin": "Japanese"
  },
  {
    "Car": "dasher",
    "Manufacturer": "vw",
    "MPG": 30.5,
    "Cylinders": 4,
    "Displacement": 97.0,
    "Horsepower": 78.0,
    "Weight": 2190,
    "Acceleration": 14.1,
    "Model Year": 77,
    "Origin": "European"
  },
  {
    "Car": "810",
    "Manufacturer": "datsun",
    "MPG": 22.0,
    "Cylinders": 6,
    "Displacement": 146.0,
    "Horsepower": 97.0,
    "Weight": 2815,
    "Acceleration": 14.5,
    "Model Year": 77,
    "Origin": "Japanese"
  },
  {
    "Car": "320i",
    "Manufacturer": "bmw",
    "MPG": 21.5,
    "Cylinders": 4,
    "Displacement": 121.0,
    "Horsepower": 110.0,
    "Weight": 2600,
    "Acceleration": 12.8,
    "Model Year": 77,
    "Origin": "European"
  },
  {
    "Car": "rx-4",
    "Manufacturer": "mazda",
    "MPG": 21.5,
    "Cylinders": 3,
    "Displacement": 80.0,
    "Horsepower": 110.0,
    "Weight": 2720,
    "Acceleration": 13.5,
    "Model Year": 77,
    "Origin": "Japanese"
  },
  {
    "Car": "rabbit custom diesel",
    "Manufacturer": "vw",
    "MPG": 43.1,
    "Cylinders": 4,
    "Displacement": 90.0,
    "Horsepower": 48.0,
    "Weight": 1985,
    "Acceleration": 21.5,
    "Model Year": 78,
    "Origin": "European"
  },
  {
    "Car": "fiesta",
    "Manufacturer": "ford",
    "MPG": 36.1,
    "Cylinders": 4,
    "Displacement": 98.0,
    "Horsepower": 66.0,
    "Weight": 1800,
    "Acceleration": 14.4,
    "Model Year": 78,
    "Origin": "American"
  },
  {
    "Car": "glc deluxe",
    "Manufacturer": "mazda",
    "MPG": 32.8,
    "Cylinders": 4,
    "Displacement": 78.0,
    "Horsepower": 52.0,
    "Weight": 1985,
    "Acceleration": 19.4,
    "Model Year": 78,
    "Origin": "Japanese"
  },
  {
    "Car": "b210 gx",
    "Manufacturer": "datsun",
    "MPG": 39.4,
    "Cylinders": 4,
    "Displacement": 85.0,
    "Horsepower": 70.0,
    "Weight": 2070,
    "Acceleration": 18.6,
    "Model Year": 78,
    "Origin": "Japanese"
  },
  {
    "Car": "civic cvcc",
    "Manufacturer": "honda",
    "MPG": 36.1,
    "Cylinders": 4,
    "Displacement": 91.0,
    "Horsepower": 60.0,
    "Weight": 1800,
    "Acceleration": 16.4,
    "Model Year": 78,
    "Origin": "Japanese"
  },
  {
    "Car": "cutlass salon brougham",
    "Manufacturer": "oldsmobile",
    "MPG": 19.9,
    "Cylinders": 8,
    "Displacement": 260.0,
    "Horsepower": 110.0,
    "Weight": 3365,
    "Acceleration": 15.5,
    "Model Year": 78,
    "Origin": "American"
  },
  {
    "Car": "diplomat",
    "Manufacturer": "dodge",
    "MPG": 19.4,
    "Cylinders": 8,
    "Displacement": 318.0,
    "Horsepower": 140.0,
    "Weight": 3735,
    "Acceleration": 13.2,
    "Model Year": 78,
    "Origin": "American"
  },
  {
    "Car": "monarch ghia",
    "Manufacturer": "mercury",
    "MPG": 20.2,
    "Cylinders": 8,
    "Displacement": 302.0,
    "Horsepower": 139.0,
    "Weight": 3570,
    "Acceleration": 12.8,
    "Model Year": 78,
    "Origin": "American"
  },
  {
    "Car": "phoenix lj",
    "Manufacturer": "pontiac",
    "MPG": 19.2,
    "Cylinders": 6,
    "Displacement": 231.0,
    "Horsepower": 105.0,
    "Weight": 3535,
    "Acceleration": 19.2,
    "Model Year": 78,
    "Origin": "American"
  },
  {
    "Car": "malibu",
    "Manufacturer": "chevrolet",
    "MPG": 20.5,
    "Cylinders": 6,
    "Displacement": 200.0,
    "Horsepower": 95.0,
    "Weight": 3155,
    "Acceleration": 18.2,
    "Model Year": 78,
    "Origin": "American"
  },
  {
    "Car": "fairmont (auto)",
    "Manufacturer": "ford",
    "MPG": 20.2,
    "Cylinders": 6,
    "Displacement": 200.0,
    "Horsepower": 85.0,
    "Weight": 2965,
    "Acceleration": 15.8,
    "Model Year": 78,
    "Origin": "American"
  },
  {
    "Car": "fairmont (man)",
    "Manufacturer": "ford",
    "MPG": 25.1,
    "Cylinders": 4,
    "Displacement": 140.0,
    "Horsepower": 88.0,
    "Weight": 2720,
    "Acceleration": 15.4,
    "Model Year": 78,
    "Origin": "American"
  },
  {
    "Car": "volare",
    "Manufacturer": "plymouth",
    "MPG": 20.5,
    "Cylinders": 6,
    "Displacement": 225.0,
    "Horsepower": 100.0,
    "Weight": 3430,
    "Acceleration": 17.2,
    "Model Year": 78,
    "Origin": "American"
  },
  {
    "Car": "concord",
    "Manufacturer": "amc",
    "MPG": 19.4,
    "Cylinders": 6,
    "Displacement": 232.0,
    "Horsepower": 90.0,
    "Weight": 3210,
    "Acceleration": 17.2,
    "Model Year": 78,
    "Origin": "American"
  },
  {
    "Car": "century special",
    "Manufacturer": "buick",
    "MPG": 20.6,
    "Cylinders": 6,
    "Displacement": 231.0,
    "Horsepower": 105.0,
    "Weight": 3380,
    "Acceleration": 15.8,
    "Model Year": 78,
    "Origin": "American"
  },
  {
    "Car": "zephyr",
    "Manufacturer": "mercury",
    "MPG": 20.8,
    "Cylinders": 6,
    "Displacement": 200.0,
    "Horsepower": 85.0,
    "Weight": 3070,
    "Acceleration": 16.7,
    "Model Year": 78,
    "Origin": "American"
  },
  {
    "Car": "aspen",
    "Manufacturer": "dodge",
    "MPG": 18.6,
    "Cylinders": 6,
    "Displacement": 225.0,
    "Horsepower": 110.0,
    "Weight": 3620,
    "Acceleration": 18.7,
    "Model Year": 78,
    "Origin": "American"
  },
  {
    "Car": "concord d/l",
    "Manufacturer": "amc",
    "MPG": 18.1,
    "Cylinders": 6,
    "Displacement": 258.0,
    "Horsepower": 120.0,
    "Weight": 3410,
    "Acceleration": 15.1,
    "Model Year": 78,
    "Origin": "American"
  },
  {
    "Car": "monte carlo landau",
    "Manufacturer": "chevrolet",
    "MPG": 19.2,
    "Cylinders": 8,
    "Displacement": 305.0,
    "Horsepower": 145.0,
    "Weight": 3425,
    "Acceleration": 13.2,
    "Model Year": 78,
    "Origin": "American"
  },
  {
    "Car": "regal sport coupe (turbo)",
    "Manufacturer": "buick",
    "MPG": 17.7,
    "Cylinders": 6,
    "Displacement": 231.0,
    "Horsepower": 165.0,
    "Weight": 3445,
    "Acceleration": 13.4,
    "Model Year": 78,
    "Origin": "American"
  },
  {
    "Car": "futura",
    "Manufacturer": "ford",
    "MPG": 18.1,
    "Cylinders": 8,
    "Displacement": 302.0,
    "Horsepower": 139.0,
    "Weight": 3205,
    "Acceleration": 11.2,
    "Model Year": 78,
    "Origin": "American"
  },
  {
    "Car": "magnum xe",
    "Manufacturer": "dodge",
    "MPG": 17.5,
    "Cylinders": 8,
    "Displacement": 318.0,
    "Horsepower": 140.0,
    "Weight": 4080,
    "Acceleration": 13.7,
    "Model Year": 78,
    "Origin": "American"
  },
  {
    "Car": "chevette",
    "Manufacturer": "chevrolet",
    "MPG": 30.0,
    "Cylinders": 4,
    "Displacement": 98.0,
    "Horsepower": 68.0,
    "Weight": 2155,
    "Acceleration": 16.5,
    "Model Year": 78,
    "Origin": "American"
  },
  {
    "Car": "corona",
    "Manufacturer": "toyota",
    "MPG": 27.5,
    "Cylinders": 4,
    "Displacement": 134.0,
    "Horsepower": 95.0,
    "Weight": 2560,
    "Acceleration": 14.2,
    "Model Year": 78,
    "Origin": "Japanese"
  },
  {
    "Car": "510",
    "Manufacturer": "datsun",
    "MPG": 27.2,
    "Cylinders": 4,
    "Displacement": 119.0,
    "Horsepower": 97.0,
    "Weight": 2300,
    "Acceleration": 14.7,
    "Model Year": 78,
    "Origin": "Japanese"
  },
  {
    "Car": "omni",
    "Manufacturer": "dodge",
    "MPG": 30.9,
    "Cylinders": 4,
    "Displacement": 105.0,
    "Horsepower": 75.0,
    "Weight": 2230,
    "Acceleration": 14.5,
    "Model Year": 78,
    "Origin": "American"
  },
  {
    "Car": "celica gt liftback",
    "Manufacturer": "toyota",
    "MPG": 21.1,
    "Cylinders": 4,
    "Displacement": 134.0,
    "Horsepower": 95.0,
    "Weight": 2515,
    "Acceleration": 14.8,
    "Model Year": 78,
    "Origin": "Japanese"
  },
  {
    "Car": "sapporo",
    "Manufacturer": "plymouth",
    "MPG": 23.2,
    "Cylinders": 4,
    "Displacement": 156.0,
    "Horsepower": 105.0,
    "Weight": 2745,
    "Acceleration": 16.7,
    "Model Year": 78,
    "Origin": "American"
  },
  {
    "Car": "starfire sx",
    "Manufacturer": "oldsmobile",
    "MPG": 23.8,
    "Cylinders": 4,
    "Displacement": 151.0,
    "Horsepower": 85.0,
    "Weight": 2855,
    "Acceleration": 17.6,
    "Model Year": 78,
    "Origin": "American"
  },
  {
    "Car": "200-sx",
    "Manufacturer": "datsun",
    "MPG": 23.9,
    "Cylinders": 4,
    "Displacement": 119.0,
    "Horsepower": 97.0,
    "Weight": 2405,
    "Acceleration": 14.9,
    "Model Year": 78,
    "Origin": "Japanese"
  },
  {
    "Car": "5000",
    "Manufacturer": "audi",
    "MPG": 20.3,
    "Cylinders": 5,
    "Displacement": 131.0,
    "Horsepower": 103.0,
    "Weight": 2830,
    "Acceleration": 15.9,
    "Model Year": 78,
    "Origin": "European"
  },
  {
    "Car": "264gl",
    "Manufacturer": "volvo",
    "MPG": 17.0,
    "Cylinders": 6,
    "Displacement": 163.0,
    "Horsepower": 125.0,
    "Weight": 3140,
    "Acceleration": 13.6,
    "Model Year": 78,
    "Origin": "European"
  },
  {
    "Car": "99gle",
    "Manufacturer": "saab",
    "MPG": 21.6,
    "Cylinders": 4,
    "Displacement": 121.0,
    "Horsepower": 115.0,
    "Weight": 2795,
    "Acceleration": 15.7,
    "Model Year": 78,
    "Origin": "European"
  },
  {
    "Car": "604sl",
    "Manufacturer": "peugeot",
    "MPG": 16.2,
    "Cylinders": 6,
    "Displacement": 163.0,
    "Horsepower": 133.0,
    "Weight": 3410,
    "Acceleration": 15.8,
    "Model Year": 78,
    "Origin": "European"
  },
  {
    "Car": "scirocco",
    "Manufacturer": "vw",
    "MPG": 31.5,
    "Cylinders": 4,
    "Displacement": 89.0,
    "Horsepower": 71.0,
    "Weight": 1990,
    "Acceleration": 14.9,
    "Model Year": 78,
    "Origin": "European"
  },
  {
    "Car": "accord lx",
    "Manufacturer": "honda",
    "MPG": 29.5,
    "Cylinders": 4,
    "Displacement": 98.0,
    "Horsepower": 68.0,
    "Weight": 2135,
    "Acceleration": 16.6,
    "Model Year": 78,
    "Origin": "Japanese"
  },
  {
    "Car": "lemans v6",
    "Manufacturer": "pontiac",
    "MPG": 21.5,
    "Cylinders": 6,
    "Displacement": 231.0,
    "Horsepower": 115.0,
    "Weight": 3245,
    "Acceleration": 15.4,
    "Model Year": 79,
    "Origin": "American"
  },
  {
    "Car": "zephyr 6",
    "Manufacturer": "mercury",
    "MPG": 19.8,
    "Cylinders": 6,
    "Displacement": 200.0,
    "Horsepower": 85.0,
    "Weight": 2990,
    "Acceleration": 18.2,
    "Model Year": 79,
    "Origin": "American"
  },
  {
    "Car": "fairmont 4",
    "Manufacturer": "ford",
    "MPG": 22.3,
    "Cylinders": 4,
    "Displacement": 140.0,
    "Horsepower": 88.0,
    "Weight": 2890,
    "Acceleration": 17.3,
    "Model Year": 79,
    "Origin": "American"
  },
  {
    "Car": "concord dl 6",
    "Manufacturer": "amc",
    "MPG": 20.2,
    "Cylinders": 6,
    "Displacement": 232.0,
    "Horsepower": 90.0,
    "Weight": 3265,
    "Acceleration": 18.2,
    "Model Year": 79,
    "Origin": "American"
  },
  {
    "Car": "aspen 6",
    "Manufacturer": "dodge",
    "MPG": 20.6,
    "Cylinders": 6,
    "Displacement": 225.0,
    "Horsepower": 110.0,
    "Weight": 3360,
    "Acceleration": 16.6,
    "Model Year": 79,
    "Origin": "American"
  },
  {
    "Car": "caprice classic",
    "Manufacturer": "chevrolet",
    "MPG": 17.0,
    "Cylinders": 8,
    "Displacement": 305.0,
    "Horsepower": 130.0,
    "Weight": 3840,
    "Acceleration": 15.4,
    "Model Year": 79,
    "Origin": "American"
  },
  {
    "Car": "ltd landau",
    "Manufacturer": "ford",
    "MPG": 17.6,
    "Cylinders": 8,
    "Displacement": 302.0,
    "Horsepower": 129.0,
    "Weight": 3725,
    "Acceleration": 13.4,
    "Model Year": 79,
    "Origin": "American"
  },
  {
    "Car": "grand marquis",
    "Manufacturer": "mercury",
    "MPG": 16.5,
    "Cylinders": 8,
    "Displacement": 351.0,
    "Horsepower": 138.0,
    "Weight": 3955,
    "Acceleration": 13.2,
    "Model Year": 79,
    "Origin": "American"
  },
  {
    "Car": "st. regis",
    "Manufacturer": "dodge",
    "MPG": 18.2,
    "Cylinders": 8,
    "Displacement": 318.0,
    "Horsepower": 135.0,
    "Weight": 3830,
    "Acceleration": 15.2,
    "Model Year": 79,
    "Origin": "American"
  },
  {
    "Car": "estate wagon (sw)",
    "Manufacturer": "buick",
    "MPG": 16.9,
    "Cylinders": 8,
    "Displacement": 350.0,
    "Horsepower": 155.0,
    "Weight": 4360,
    "Acceleration": 14.9,
    "Model Year": 79,
    "Origin": "American"
  },
  {
    "Car": "country squire (sw)",
    "Manufacturer": "ford",
    "MPG": 15.5,
    "Cylinders": 8,
    "Displacement": 351.0,
    "Horsepower": 142.0,
    "Weight": 4054,
    "Acceleration": 14.3,
    "Model Year": 79,
    "Origin": "American"
  },
  {
    "Car": "malibu classic (sw)",
    "Manufacturer": "chevrolet",
    "MPG": 19.2,
    "Cylinders": 8,
    "Displacement": 267.0,
    "Horsepower": 125.0,
    "Weight": 3605,
    "Acceleration": 15.0,
    "Model Year": 79,
    "Origin": "American"
  },
  {
    "Car": "lebaron town @ country (sw)",
    "Manufacturer": "chrysler",
    "MPG": 18.5,
    "Cylinders": 8,
    "Displacement": 360.0,
    "Horsepower": 150.0,
    "Weight": 3940,
    "Acceleration": 13.0,
    "Model Year": 79,
    "Origin": "American"
  },
  {
    "Car": "rabbit custom",
    "Manufacturer": "vw",
    "MPG": 31.9,
    "Cylinders": 4,
    "Displacement": 89.0,
    "Horsepower": 71.0,
    "Weight": 1925,
    "Acceleration": 14.0,
    "Model Year": 79,
    "Origin": "European"
  },
  {
    "Car": "glc deluxe",
    "Manufacturer": "mazda",
    "MPG": 34.1,
    "Cylinders": 4,
    "Displacement": 86.0,
    "Horsepower": 65.0,
    "Weight": 1975,
    "Acceleration": 15.2,
    "Model Year": 79,
    "Origin": "Japanese"
  },
  {
    "Car": "colt hatchback custom",
    "Manufacturer": "dodge",
    "MPG": 35.7,
    "Cylinders": 4,
    "Displacement": 98.0,
    "Horsepower": 80.0,
    "Weight": 1915,
    "Acceleration": 14.4,
    "Model Year": 79,
    "Origin": "American"
  },
  {
    "Car": "spirit dl",
    "Manufacturer": "amc",
    "MPG": 27.4,
    "Cylinders": 4,
    "Displacement": 121.0,
    "Horsepower": 80.0,
    "Weight": 2670,
    "Acceleration": 15.0,
    "Model Year": 79,
    "Origin": "American"
  },
  {
    "Car": "300d",
    "Manufacturer": "mercedes",
    "MPG": 25.4,
    "Cylinders": 5,
    "Displacement": 183.0,
    "Horsepower": 77.0,
    "Weight": 3530,
    "Acceleration": 20.1,
    "Model Year": 79,
    "Origin": "European"
  },
  {
    "Car": "eldorado",
    "Manufacturer": "cadillac",
    "MPG": 23.0,
    "Cylinders": 8,
    "Displacement": 350.0,
    "Horsepower": 125.0,
    "Weight": 3900,
    "Acceleration": 17.4,
    "Model Year": 79,
    "Origin": "American"
  },
  {
    "Car": "504",
    "Manufacturer": "peugeot",
    "MPG": 27.2,
    "Cylinders": 4,
    "Displacement": 141.0,
    "Horsepower": 71.0,
    "Weight": 3190,
    "Acceleration": 24.8,
    "Model Year": 79,
    "Origin": "European"
  },
  {
    "Car": "cutlass salon brougham",
    "Manufacturer": "oldsmobile",
    "MPG": 23.9,
    "Cylinders": 8,
    "Displacement": 260.0,
    "Horsepower": 90.0,
    "Weight": 3420,
    "Acceleration": 22.2,
    "Model Year": 79,
    "Origin": "American"
  },
  {
    "Car": "horizon",
    "Manufacturer": "plymouth",
    "MPG": 34.2,
    "Cylinders": 4,
    "Displacement": 105.0,
    "Horsepower": 70.0,
    "Weight": 2200,
    "Acceleration": 13.2,
    "Model Year": 79,
    "Origin": "American"
  },
  {
    "Car": "horizon tc3",
    "Manufacturer": "plymouth",
    "MPG": 34.5,
    "Cylinders": 4,
    "Displacement": 105.0,
    "Horsepower": 70.0,
    "Weight": 2150,
    "Acceleration": 14.9,
    "Model Year": 79,
    "Origin": "American"
  },
  {
    "Car": "210",
    "Manufacturer": "datsun",
    "MPG": 31.8,
    "Cylinders": 4,
    "Displacement": 85.0,
    "Horsepower": 65.0,
    "Weight": 2020,
    "Acceleration": 19.2,
    "Model Year": 79,
    "Origin": "Japanese"
  },
  {
    "Car": "strada custom",
    "Manufacturer": "fiat",
    "MPG": 37.3,
    "Cylinders": 4,
    "Displacement": 91.0,
    "Horsepower": 69.0,
    "Weight": 2130,
    "Acceleration": 14.7,
    "Model Year": 79,
    "Origin": "European"
  },
  {
    "Car": "skylark limited",
    "Manufacturer": "buick",
    "MPG": 28.4,
    "Cylinders": 4,
    "Displacement": 151.0,
    "Horsepower": 90.0,
    "Weight": 2670,
    "Acceleration": 16.0,
    "Model Year": 79,
    "Origin": "American"
  },
  {
    "Car": "citation",
    "Manufacturer": "chevrolet",
    "MPG": 28.8,
    "Cylinders": 6,
    "Displacement": 173.0,
    "Horsepower": 115.0,
    "Weight": 2595,
    "Acceleration": 11.3,
    "Model Year": 79,
    "Origin": "American"
  },
  {
    "Car": "omega brougham",
    "Manufacturer": "oldsmobile",
    "MPG": 26.8,
    "Cylinders": 6,
    "Displacement": 173.0,
    "Horsepower": 115.0,
    "Weight": 2700,
    "Acceleration": 12.9,
    "Model Year": 79,
    "Origin": "American"
  },
  {
    "Car": "phoenix",
    "Manufacturer": "pontiac",
    "MPG": 33.5,
    "Cylinders": 4,
    "Displacement": 151.0,
    "Horsepower": 90.0,
    "Weight": 2556,
    "Acceleration": 13.2,
    "Model Year": 79,
    "Origin": "American"
  },
  {
    "Car": "rabbit",
    "Manufacturer": "vw",
    "MPG": 41.5,
    "Cylinders": 4,
    "Displacement": 98.0,
    "Horsepower": 76.0,
    "Weight": 2144,
    "Acceleration": 14.7,
    "Model Year": 80,
    "Origin": "European"
  },
  {
    "Car": "corolla tercel",
    "Manufacturer": "toyota",
    "MPG": 38.1,
    "Cylinders": 4,
    "Displacement": 89.0,
    "Horsepower": 60.0,
    "Weight": 1968,
    "Acceleration": 18.8,
    "Model Year": 80,
    "Origin": "Japanese"
  },
  {
    "Car": "chevette",
    "Manufacturer": "chevrolet",
    "MPG": 32.1,
    "Cylinders": 4,
    "Displacement": 98.0,
    "Horsepower": 70.0,
    "Weight": 2120,
    "Acceleration": 15.5,
    "Model Year": 80,
    "Origin": "American"
  },
  {
    "Car": "310",
    "Manufacturer": "datsun",
    "MPG": 37.2,
    "Cylinders": 4,
    "Displacement": 86.0,
    "Horsepower": 65.0,
    "Weight": 2019,
    "Acceleration": 16.4,
    "Model Year": 80,
    "Origin": "Japanese"
  },
  {
    "Car": "citation",
    "Manufacturer": "chevrolet",
    "MPG": 28.0,
    "Cylinders": 4,
    "Displacement": 151.0,
    "Horsepower": 90.0,
    "Weight": 2678,
    "Acceleration": 16.5,
    "Model Year": 80,
    "Origin": "American"
  },
  {
    "Car": "fairmont",
    "Manufacturer": "ford",
    "MPG": 26.4,
    "Cylinders": 4,
    "Displacement": 140.0,
    "Horsepower": 88.0,
    "Weight": 2870,
    "Acceleration": 18.1,
    "Model Year": 80,
    "Origin": "American"
  },
  {
    "Car": "concord",
    "Manufacturer": "amc",
    "MPG": 24.3,
    "Cylinders": 4,
    "Displacement": 151.0,
    "Horsepower": 90.0,
    "Weight": 3003,
    "Acceleration": 20.1,
    "Model Year": 80,
    "Origin": "American"
  },
  {
    "Car": "aspen",
    "Manufacturer": "dodge",
    "MPG": 19.1,
    "Cylinders": 6,
    "Displacement": 225.0,
    "Horsepower": 90.0,
    "Weight": 3381,
    "Acceleration": 18.7,
    "Model Year": 80,
    "Origin": "American"
  },
  {
    "Car": "4000",
    "Manufacturer": "audi",
    "MPG": 34.3,
    "Cylinders": 4,
    "Displacement": 97.0,
    "Horsepower": 78.0,
    "Weight": 2188,
    "Acceleration": 15.8,
    "Model Year": 80,
    "Origin": "European"
  },
  {
    "Car": "corona liftback",
    "Manufacturer": "toyota",
    "MPG": 29.8,
    "Cylinders": 4,
    "Displacement": 134.0,
    "Horsepower": 90.0,
    "Weight": 2711,
    "Acceleration": 15.5,
    "Model Year": 80,
    "Origin": "Japanese"
  },
  {
    "Car": "626",
    "Manufacturer": "mazda",
    "MPG": 31.3,
    "Cylinders": 4,
    "Displacement": 120.0,
    "Horsepower": 75.0,
    "Weight": 2542,
    "Acceleration": 17.5,
    "Model Year": 80,
    "Origin": "Japanese"
  },
  {
    "Car": "510 hatchback",
    "Manufacturer": "datsun",
    "MPG": 37.0,
    "Cylinders": 4,
    "Displacement": 119.0,
    "Horsepower": 92.0,
    "Weight": 2434,
    "Acceleration": 15.0,
    "Model Year": 80,
    "Origin": "Japanese"
  },
  {
    "Car": "corolla",
    "Manufacturer": "toyota",
    "MPG": 32.2,
    "Cylinders": 4,
    "Displacement": 108.0,
    "Horsepower": 75.0,
    "Weight": 2265,
    "Acceleration": 15.2,
    "Model Year": 80,
    "Origin": "Japanese"
  },
  {
    "Car": "glc",
    "Manufacturer": "mazda",
    "MPG": 46.6,
    "Cylinders": 4,
    "Displacement": 86.0,
    "Horsepower": 65.0,
    "Weight": 2110,
    "Acceleration": 17.9,
    "Model Year": 80,
    "Origin": "Japanese"
  },
  {
    "Car": "colt",
    "Manufacturer": "dodge",
    "MPG": 27.9,
    "Cylinders": 4,
    "Displacement": 156.0,
    "Horsepower": 105.0,
    "Weight": 2800,
    "Acceleration": 14.4,
    "Model Year": 80,
    "Origin": "American"
  },
  {
    "Car": "210",
    "Manufacturer": "datsun",
    "MPG": 40.8,
    "Cylinders": 4,
    "Displacement": 85.0,
    "Horsepower": 65.0,
    "Weight": 2110,
    "Acceleration": 19.2,
    "Model Year": 80,
    "Origin": "Japanese"
  },
  {
    "Car": "rabbit c (diesel)",
    "Manufacturer": "vw",
    "MPG": 44.3,
    "Cylinders": 4,
    "Displacement": 90.0,
    "Horsepower": 48.0,
    "Weight": 2085,
    "Acceleration": 21.7,
    "Model Year": 80,
    "Origin": "European"
  },
  {
    "Car": "dasher (diesel)",
    "Manufacturer": "vw",
    "MPG": 43.4,
    "Cylinders": 4,
    "Displacement": 90.0,
    "Horsepower": 48.0,
    "Weight": 2335,
    "Acceleration": 23.7,
    "Model Year": 80,
    "Origin": "European"
  },
  {
    "Car": "5000s (diesel)",
    "Manufacturer": "audi",
    "MPG": 36.4,
    "Cylinders": 5,
    "Displacement": 121.0,
    "Horsepower": 67.0,
    "Weight": 2950,
    "Acceleration": 19.9,
    "Model Year": 80,
    "Origin": "European"
  },
  {
    "Car": "240d",
    "Manufacturer": "mercedes",
    "MPG": 30.0,
    "Cylinders": 4,
    "Displacement": 146.0,
    "Horsepower": 67.0,
    "Weight": 3250,
    "Acceleration": 21.8,
    "Model Year": 80,
    "Origin": "European"
  },
  {
    "Car": "civic 1500 gl",
    "Manufacturer": "honda",
    "MPG": 44.6,
    "Cylinders": 4,
    "Displacement": 91.0,
    "Horsepower": 67.0,
    "Weight": 1850,
    "Acceleration": 13.8,
    "Model Year": 80,
    "Origin": "Japanese"
  },
  {
    "Car": "lecar deluxe",
    "Manufacturer": "renault",
    "MPG": 40.9,
    "Cylinders": 4,
    "Displacement": 85.0,
    "Horsepower": null,
    "Weight": 1835,
    "Acceleration": 17.3,
    "Model Year": 80,
    "Origin": "European"
  },
  {
    "Car": "dl",
    "Manufacturer": "subaru",
    "MPG": 33.8,
    "Cylinders": 4,
    "Displacement": 97.0,
    "Horsepower": 67.0,
    "Weight": 2145,
    "Acceleration": 18.0,
    "Model Year": 80,
    "Origin": "Japanese"
  },
  {
    "Car": "rabbit",
    "Manufacturer": "vw",
    "MPG": 29.8,
    "Cylinders": 4,
    "Displacement": 89.0,
    "Horsepower": 62.0,
    "Weight": 1845,
    "Acceleration": 15.3,
    "Model Year": 80,
    "Origin": "European"
  },
  {
    "Car": "280-zx",
    "Manufacturer": "datsun",
    "MPG": 32.7,
    "Cylinders": 6,
    "Displacement": 168.0,
    "Horsepower": 132.0,
    "Weight": 2910,
    "Acceleration": 11.4,
    "Model Year": 80,
    "Origin": "Japanese"
  },
  {
    "Car": "rx-7 gs",
    "Manufacturer": "mazda",
    "MPG": 23.7,
    "Cylinders": 3,
    "Displacement": 70.0,
    "Horsepower": 100.0,
    "Weight": 2420,
    "Acceleration": 12.5,
    "Model Year": 80,
    "Origin": "Japanese"
  },
  {
    "Car": "tr7 coupe",
    "Manufacturer": "triumph",
    "MPG": 35.0,
    "Cylinders": 4,
    "Displacement": 122.0,
    "Horsepower": 88.0,
    "Weight": 2500,
    "Acceleration": 15.1,
    "Model Year": 80,
    "Origin": "European"
  },
  {
    "Car": "mustang cobra",
    "Manufacturer": "ford",
    "MPG": 23.6,
    "Cylinders": 4,
    "Displacement": 140.0,
    "Horsepower": null,
    "Weight": 2905,
    "Acceleration": 14.3,
    "Model Year": 80,
    "Origin": "American"
  },
  {
    "Car": "accord",
    "Manufacturer": "honda",
    "MPG": 32.4,
    "Cylinders": 4,
    "Displacement": 107.0,
    "Horsepower": 72.0,
    "Weight": 2290,
    "Acceleration": 17.0,
    "Model Year": 80,
    "Origin": "Japanese"
  },
  {
    "Car": "reliant",
    "Manufacturer": "plymouth",
    "MPG": 27.2,
    "Cylinders": 4,
    "Displacement": 135.0,
    "Horsepower": 84.0,
    "Weight": 2490,
    "Acceleration": 15.7,
    "Model Year": 81,
    "Origin": "American"
  },
  {
    "Car": "skylark",
    "Manufacturer": "buick",
    "MPG": 26.6,
    "Cylinders": 4,
    "Displacement": 151.0,
    "Horsepower": 84.0,
    "Weight": 2635,
    "Acceleration": 16.4,
    "Model Year": 81,
    "Origin": "American"
  },
  {
    "Car": "aries wagon (sw)",
    "Manufacturer": "dodge",
    "MPG": 25.8,
    "Cylinders": 4,
    "Displacement": 156.0,
    "Horsepower": 92.0,
    "Weight": 2620,
    "Acceleration": 14.4,
    "Model Year": 81,
    "Origin": "American"
  },
  {
    "Car": "citation",
    "Manufacturer": "chevrolet",
    "MPG": 23.5,
    "Cylinders": 6,
    "Displacement": 173.0,
    "Horsepower": 110.0,
    "Weight": 2725,
    "Acceleration": 12.6,
    "Model Year": 81,
    "Origin": "American"
  },
  {
    "Car": "reliant",
    "Manufacturer": "plymouth",
    "MPG": 30.0,
    "Cylinders": 4,
    "Displacement": 135.0,
    "Horsepower": 84.0,
    "Weight": 2385,
    "Acceleration": 12.9,
    "Model Year": 81,
    "Origin": "American"
  },
  {
    "Car": "starlet",
    "Manufacturer": "toyota",
    "MPG": 39.1,
    "Cylinders": 4,
    "Displacement": 79.0,
    "Horsepower": 58.0,
    "Weight": 1755,
    "Acceleration": 16.9,
    "Model Year": 81,
    "Origin": "Japanese"
  },
  {
    "Car": "champ",
    "Manufacturer": "plymouth",
    "MPG": 39.0,
    "Cylinders": 4,
    "Displacement": 86.0,
    "Horsepower": 64.0,
    "Weight": 1875,
    "Acceleration": 16.4,
    "Model Year": 81,
    "Origin": "American"
  },
  {
    "Car": "civic 1300",
    "Manufacturer": "honda",
    "MPG": 35.1,
    "Cylinders": 4,
    "Displacement": 81.0,
    "Horsepower": 60.0,
    "Weight": 1760,
    "Acceleration": 16.1,
    "Model Year": 81,
    "Origin": "Japanese"
  },
  {
    "Car": "2",
    "Manufacturer": "subaru",
    "MPG": 32.3,
    "Cylinders": 4,
    "Displacement": 97.0,
    "Horsepower": 67.0,
    "Weight": 2065,
    "Acceleration": 17.8,
    "Model Year": 81,
    "Origin": "Japanese"
  },
  {
    "Car": "210 mpg",
    "Manufacturer": "datsun",
    "MPG": 37.0,
    "Cylinders": 4,
    "Displacement": 85.0,
    "Horsepower": 65.0,
    "Weight": 1975,
    "Acceleration": 19.4,
    "Model Year": 81,
    "Origin": "Japanese"
  },
  {
    "Car": "tercel",
    "Manufacturer": "toyota",
    "MPG": 37.7,
    "Cylinders": 4,
    "Displacement": 89.0,
    "Horsepower": 62.0,
    "Weight": 2050,
    "Acceleration": 17.3,
    "Model Year": 81,
    "Origin": "Japanese"
  },
  {
    "Car": "glc 4",
    "Manufacturer": "mazda",
    "MPG": 34.1,
    "Cylinders": 4,
    "Displacement": 91.0,
    "Horsepower": 68.0,
    "Weight": 1985,
    "Acceleration": 16.0,
    "Model Year": 81,
    "Origin": "Japanese"
  },
  {
    "Car": "horizon 4",
    "Manufacturer": "plymouth",
    "MPG": 34.7,
    "Cylinders": 4,
    "Displacement": 105.0,
    "Horsepower": 63.0,
    "Weight": 2215,
    "Acceleration": 14.9,
    "Model Year": 81,
    "Origin": "American"
  },
  {
    "Car": "escort 4w",
    "Manufacturer": "ford",
    "MPG": 34.4,
    "Cylinders": 4,
    "Displacement": 98.0,
    "Horsepower": 65.0,
    "Weight": 2045,
    "Acceleration": 16.2,
    "Model Year": 81,
    "Origin": "American"
  },
  {
    "Car": "escort 2h",
    "Manufacturer": "ford",
    "MPG": 29.9,
    "Cylinders": 4,
    "Displacement": 98.0,
    "Horsepower": 65.0,
    "Weight": 2380,
    "Acceleration": 20.7,
    "Model Year": 81,
    "Origin": "American"
  },
  {
    "Car": "jetta",
    "Manufacturer": "vw",
    "MPG": 33.0,
    "Cylinders": 4,
    "Displacement": 105.0,
    "Horsepower": 74.0,
    "Weight": 2190,
    "Acceleration": 14.2,
    "Model Year": 81,
    "Origin": "European"
  },
  {
    "Car": "18i",
    "Manufacturer": "renault",
    "MPG": 34.5,
    "Cylinders": 4,
    "Displacement": 100.0,
    "Horsepower": null,
    "Weight": 2320,
    "Acceleration": 15.8,
    "Model Year": 81,
    "Origin": "European"
  },
  {
    "Car": "prelude",
    "Manufacturer": "honda",
    "MPG": 33.7,
    "Cylinders": 4,
    "Displacement": 107.0,
    "Horsepower": 75.0,
    "Weight": 2210,
    "Acceleration": 14.4,
    "Model Year": 81,
    "Origin": "Japanese"
  },
  {
    "Car": "corolla",
    "Manufacturer": "toyota",
    "MPG": 32.4,
    "Cylinders": 4,
    "Displacement": 108.0,
    "Horsepower": 75.0,
    "Weight": 2350,
    "Acceleration": 16.8,
    "Model Year": 81,
    "Origin": "Japanese"
  },
  {
    "Car": "200sx",
    "Manufacturer": "datsun",
    "MPG": 32.9,
    "Cylinders": 4,
    "Displacement": 119.0,
    "Horsepower": 100.0,
    "Weight": 2615,
    "Acceleration": 14.8,
    "Model Year": 81,
    "Origin": "Japanese"
  },
  {
    "Car": "626",
    "Manufacturer": "mazda",
    "MPG": 31.6,
    "Cylinders": 4,
    "Displacement": 120.0,
    "Horsepower": 74.0,
    "Weight": 2635,
    "Acceleration": 18.3,
    "Model Year": 81,
    "Origin": "Japanese"
  },
  {
    "Car": "505s turbo diesel",
    "Manufacturer": "peugeot",
    "MPG": 28.1,
    "Cylinders": 4,
    "Displacement": 141.0,
    "Horsepower": 80.0,
    "Weight": 3230,
    "Acceleration": 20.4,
    "Model Year": 81,
    "Origin": "European"
  },
  {
    "Car": "900s",
    "Manufacturer": "saab",
    "MPG": null,
    "Cylinders": 4,
    "Displacement": 121.0,
    "Horsepower": 110.0,
    "Weight": 2800,
    "Acceleration": 15.4,
    "Model Year": 81,
    "Origin": "European"
  },
  {
    "Car": "diesel",
    "Manufacturer": "volvo",
    "MPG": 30.7,
    "Cylinders": 6,
    "Displacement": 145.0,
    "Horsepower": 76.0,
    "Weight": 3160,
    "Acceleration": 19.6,
    "Model Year": 81,
    "Origin": "European"
  },
  {
    "Car": "cressida",
    "Manufacturer": "toyota",
    "MPG": 25.4,
    "Cylinders": 6,
    "Displacement": 168.0,
    "Horsepower": 116.0,
    "Weight": 2900,
    "Acceleration": 12.6,
    "Model Year": 81,
    "Origin": "Japanese"
  },
  {
    "Car": "810 maxima",
    "Manufacturer": "datsun",
    "MPG": 24.2,
    "Cylinders": 6,
    "Displacement": 146.0,
    "Horsepower": 120.0,
    "Weight": 2930,
    "Acceleration": 13.8,
    "Model Year": 81,
    "Origin": "Japanese"
  },
  {
    "Car": "century",
    "Manufacturer": "buick",
    "MPG": 22.4,
    "Cylinders": 6,
    "Displacement": 231.0,
    "Horsepower": 110.0,
    "Weight": 3415,
    "Acceleration": 15.8,
    "Model Year": 81,
    "Origin": "American"
  },
  {
    "Car": "cutlass ls",
    "Manufacturer": "oldsmobile",
    "MPG": 26.6,
    "Cylinders": 8,
    "Displacement": 350.0,
    "Horsepower": 105.0,
    "Weight": 3725,
    "Acceleration": 19.0,
    "Model Year": 81,
    "Origin": "American"
  },
  {
    "Car": "granada gl",
    "Manufacturer": "ford",
    "MPG": 20.2,
    "Cylinders": 6,
    "Displacement": 200.0,
    "Horsepower": 88.0,
    "Weight": 3060,
    "Acceleration": 17.1,
    "Model Year": 81,
    "Origin": "American"
  },
  {
    "Car": "lebaron salon",
    "Manufacturer": "chrysler",
    "MPG": 17.6,
    "Cylinders": 6,
    "Displacement": 225.0,
    "Horsepower": 85.0,
    "Weight": 3465,
    "Acceleration": 16.6,
    "Model Year": 81,
    "Origin": "American"
  },
  {
    "Car": "cavalier",
    "Manufacturer": "chevrolet",
    "MPG": 28.0,
    "Cylinders": 4,
    "Displacement": 112.0,
    "Horsepower": 88.0,
    "Weight": 2605,
    "Acceleration": 19.6,
    "Model Year": 82,
    "Origin": "American"
  },
  {
    "Car": "cavalier wagon",
    "Manufacturer": "chevrolet",
    "MPG": 27.0,
    "Cylinders": 4,
    "Displacement": 112.0,
    "Horsepower": 88.0,
    "Weight": 2640,
    "Acceleration": 18.6,
    "Model Year": 82,
    "Origin": "American"
  },
  {
    "Car": "cavalier 2-door",
    "Manufacturer": "chevrolet",
    "MPG": 34.0,
    "Cylinders": 4,
    "Displacement": 112.0,
    "Horsepower": 88.0,
    "Weight": 2395,
    "Acceleration": 18.0,
    "Model Year": 82,
    "Origin": "American"
  },
  {
    "Car": "j2000 se hatchback",
    "Manufacturer": "pontiac",
    "MPG": 31.0,
    "Cylinders": 4,
    "Displacement": 112.0,
    "Horsepower": 85.0,
    "Weight": 2575,
    "Acceleration": 16.2,
    "Model Year": 82,
    "Origin": "American"
  },
  {
    "Car": "aries se",
    "Manufacturer": "dodge",
    "MPG": 29.0,
    "Cylinders": 4,
    "Displacement": 135.0,
    "Horsepower": 84.0,
    "Weight": 2525,
    "Acceleration": 16.0,
    "Model Year": 82,
    "Origin": "American"
  },
  {
    "Car": "phoenix",
    "Manufacturer": "pontiac",
    "MPG": 27.0,
    "Cylinders": 4,
    "Displacement": 151.0,
    "Horsepower": 90.0,
    "Weight": 2735,
    "Acceleration": 18.0,
    "Model Year": 82,
    "Origin": "American"
  },
  {
    "Car": "fairmont futura",
    "Manufacturer": "ford",
    "MPG": 24.0,
    "Cylinders": 4,
    "Displacement": 140.0,
    "Horsepower": 92.0,
    "Weight": 2865,
    "Acceleration": 16.4,
    "Model Year": 82,
    "Origin": "American"
  },
  {
    "Car": "concord dl",
    "Manufacturer": "amc",
    "MPG": 23.0,
    "Cylinders": 4,
    "Displacement": 151.0,
    "Horsepower": null,
    "Weight": 3035,
    "Acceleration": 20.5,
    "Model Year": 82,
    "Origin": "American"
  },
  {
    "Car": "rabbit l",
    "Manufacturer": "vw",
    "MPG": 36.0,
    "Cylinders": 4,
    "Displacement": 105.0,
    "Horsepower": 74.0,
    "Weight": 1980,
    "Acceleration": 15.3,
    "Model Year": 82,
    "Origin": "European"
  },
  {
    "Car": "glc custom l",
    "Manufacturer": "mazda",
    "MPG": 37.0,
    "Cylinders": 4,
    "Displacement": 91.0,
    "Horsepower": 68.0,
    "Weight": 2025,
    "Acceleration": 18.2,
    "Model Year": 82,
    "Origin": "Japanese"
  },
  {
    "Car": "glc custom",
    "Manufacturer": "mazda",
    "MPG": 31.0,
    "Cylinders": 4,
    "Displacement": 91.0,
    "Horsepower": 68.0,
    "Weight": 1970,
    "Acceleration": 17.6,
    "Model Year": 82,
    "Origin": "Japanese"
  },
  {
    "Car": "horizon miser",
    "Manufacturer": "plymouth",
    "MPG": 38.0,
    "Cylinders": 4,
    "Displacement": 105.0,
    "Horsepower": 63.0,
    "Weight": 2125,
    "Acceleration": 14.7,
    "Model Year": 82,
    "Origin": "American"
  },
  {
    "Car": "lynx l",
    "Manufacturer": "mercury",
    "MPG": 36.0,
    "Cylinders": 4,
    "Displacement": 98.0,
    "Horsepower": 70.0,
    "Weight": 2125,
    "Acceleration": 17.3,
    "Model Year": 82,
    "Origin": "American"
  },
  {
    "Car": "stanza xe",
    "Manufacturer": "nissan",
    "MPG": 36.0,
    "Cylinders": 4,
    "Displacement": 120.0,
    "Horsepower": 88.0,
    "Weight": 2160,
    "Acceleration": 14.5,
    "Model Year": 82,
    "Origin": "Japanese"
  },
  {
    "Car": "accord",
    "Manufacturer": "honda",
    "MPG": 36.0,
    "Cylinders": 4,
    "Displacement": 107.0,
    "Horsepower": 75.0,
    "Weight": 2205,
    "Acceleration": 14.5,
    "Model Year": 82,
    "Origin": "Japanese"
  },
  {
    "Car": "corolla",
    "Manufacturer": "toyota",
    "MPG": 34.0,
    "Cylinders": 4,
    "Displacement": 108.0,
    "Horsepower": 70.0,
    "Weight": 2245,
    "Acceleration": 16.9,
    "Model Year": 82,
    "Origin": "Japanese"
  },
  {
    "Car": "civic",
    "Manufacturer": "honda",
    "MPG": 38.0,
    "Cylinders": 4,
    "Displacement": 91.0,
    "Horsepower": 67.0,
    "Weight": 1965,
    "Acceleration": 15.0,
    "Model Year": 82,
    "Origin": "Japanese"
  },
  {
    "Car": "civic (auto)",
    "Manufacturer": "honda",
    "MPG": 32.0,
    "Cylinders": 4,
    "Displacement": 91.0,
    "Horsepower": 67.0,
    "Weight": 1965,
    "Acceleration": 15.7,
    "Model Year": 82,
    "Origin": "Japanese"
  },
  {
    "Car": "310 gx",
    "Manufacturer": "datsun",
    "MPG": 38.0,
    "Cylinders": 4,
    "Displacement": 91.0,
    "Horsepower": 67.0,
    "Weight": 1995,
    "Acceleration": 16.2,
    "Model Year": 82,
    "Origin": "Japanese"
  },
  {
    "Car": "century limited",
    "Manufacturer": "buick",
    "MPG": 25.0,
    "Cylinders": 6,
    "Displacement": 181.0,
    "Horsepower": 110.0,
    "Weight": 2945,
    "Acceleration": 16.4,
    "Model Year": 82,
    "Origin": "American"
  },
  {
    "Car": "cutlass ciera (diesel)",
    "Manufacturer": "oldsmobile",
    "MPG": 38.0,
    "Cylinders": 6,
    "Displacement": 262.0,
    "Horsepower": 85.0,
    "Weight": 3015,
    "Acceleration": 17.0,
    "Model Year": 82,
    "Origin": "American"
  },
  {
    "Car": "lebaron medallion",
    "Manufacturer": "chrysler",
    "MPG": 26.0,
    "Cylinders": 4,
    "Displacement": 156.0,
    "Horsepower": 92.0,
    "Weight": 2585,
    "Acceleration": 14.5,
    "Model Year": 82,
    "Origin": "American"
  },
  {
    "Car": "granada l",
    "Manufacturer": "ford",
    "MPG": 22.0,
    "Cylinders": 6,
    "Displacement": 232.0,
    "Horsepower": 112.0,
    "Weight": 2835,
    "Acceleration": 14.7,
    "Model Year": 82,
    "Origin": "American"
  },
  {
    "Car": "celica gt",
    "Manufacturer": "toyota",
    "MPG": 32.0,
    "Cylinders": 4,
    "Displacement": 144.0,
    "Horsepower": 96.0,
    "Weight": 2665,
    "Acceleration": 13.9,
    "Model Year": 82,
    "Origin": "Japanese"
  },
  {
    "Car": "charger 2.2",
    "Manufacturer": "dodge",
    "MPG": 36.0,
    "Cylinders": 4,
    "Displacement": 135.0,
    "Horsepower": 84.0,
    "Weight": 2370,
    "Acceleration": 13.0,
    "Model Year": 82,
    "Origin": "American"
  },
  {
    "Car": "camaro",
    "Manufacturer": "chevrolet",
    "MPG": 27.0,
    "Cylinders": 4,
    "Displacement": 151.0,
    "Horsepower": 90.0,
    "Weight": 2950,
    "Acceleration": 17.3,
    "Model Year": 82,
    "Origin": "American"
  },
  {
    "Car": "mustang gl",
    "Manufacturer": "ford",
    "MPG": 27.0,
    "Cylinders": 4,
    "Displacement": 140.0,
    "Horsepower": 86.0,
    "Weight": 2790,
    "Acceleration": 15.6,
    "Model Year": 82,
    "Origin": "American"
  },
  {
    "Car": "pickup",
    "Manufacturer": "vw",
    "MPG": 44.0,
    "Cylinders": 4,
    "Displacement": 97.0,
    "Horsepower": 52.0,
    "Weight": 2130,
    "Acceleration": 24.6,
    "Model Year": 82,
    "Origin": "European"
  },
  {
    "Car": "rampage",
    "Manufacturer": "dodge",
    "MPG": 32.0,
    "Cylinders": 4,
    "Displacement": 135.0,
    "Horsepower": 84.0,
    "Weight": 2295,
    "Acceleration": 11.6,
    "Model Year": 82,
    "Origin": "American"
  },
  {
    "Car": "ranger",
    "Manufacturer": "ford",
    "MPG": 28.0,
    "Cylinders": 4,
    "Displacement": 120.0,
    "Horsepower": 79.0,
    "Weight": 2625,
    "Acceleration": 18.6,
    "Model Year": 82,
    "Origin": "American"
  },
  {
    "Car": "s-10",
    "Manufacturer": "chevrolet",
    "MPG": 31.0,
    "Cylinders": 4,
    "Displacement": 119.0,
    "Horsepower": 82.0,
    "Weight": 2720,
    "Acceleration": 19.4,
    "Model Year": 82,
    "Origin": "American"
  }
]
